cascade_band_dollars,profit,profit_retention_vs_rollout,mean_latency_ms,p95_latency_ms,rollout_stage_share,surrogate_stage_share,accepted,no_truck
0.00,1579424.23,0.950531,0.257641,3.336250,0.1647,0.8353,712,0
100.00,1582637.50,0.952465,0.416421,3.416250,0.2229,0.7771,714,0
250.00,1589197.85,0.956413,0.684478,3.458584,0.3183,0.6817,719,0
500.00,1614759.02,0.971796,0.902632,3.495292,0.4026,0.5974,733,0
700.00,1628165.60,0.979865,1.186651,3.562333,0.4940,0.5060,742,0
900.00,1646976.81,0.991186,1.439889,3.578875,0.6044,0.3956,751,0
1200.00,1645831.91,0.990497,1.618478,3.567333,0.6737,0.3263,749,0
