scenario,market,hour,value_togo
freightbidbench_scarce_capacity,04,0,8769.59
freightbidbench_scarce_capacity,04,1,8769.59
freightbidbench_scarce_capacity,04,2,8769.59
freightbidbench_scarce_capacity,04,3,8769.59
freightbidbench_scarce_capacity,04,4,8769.59
freightbidbench_scarce_capacity,04,5,8769.59
freightbidbench_scarce_capacity,04,6,8769.59
freightbidbench_scarce_capacity,04,7,8769.59
freightbidbench_scarce_capacity,04,8,8769.59
freightbidbench_scarce_capacity,04,9,8769.59
freightbidbench_scarce_capacity,04,10,8769.59
freightbidbench_scarce_capacity,04,11,8769.59
freightbidbench_scarce_capacity,04,12,8769.59
freightbidbench_scarce_capacity,04,13,8769.59
freightbidbench_scarce_capacity,04,14,8769.59
freightbidbench_scarce_capacity,04,15,8769.59
freightbidbench_scarce_capacity,04,16,8769.59
freightbidbench_scarce_capacity,04,17,8769.59
freightbidbench_scarce_capacity,04,18,8769.59
freightbidbench_scarce_capacity,04,19,8769.59
freightbidbench_scarce_capacity,04,20,8769.59
freightbidbench_scarce_capacity,04,21,8769.59
freightbidbench_scarce_capacity,04,22,8769.59
freightbidbench_scarce_capacity,04,23,8769.59
freightbidbench_scarce_capacity,04,24,8769.59
freightbidbench_scarce_capacity,04,25,8769.59
freightbidbench_scarce_capacity,04,26,1599.08
freightbidbench_scarce_capacity,04,27,1599.08
freightbidbench_scarce_capacity,04,28,1599.08
freightbidbench_scarce_capacity,04,29,1599.08
freightbidbench_scarce_capacity,04,30,1599.08
freightbidbench_scarce_capacity,04,31,1599.08
freightbidbench_scarce_capacity,04,32,1599.08
freightbidbench_scarce_capacity,04,33,1599.08
freightbidbench_scarce_capacity,04,34,1599.08
freightbidbench_scarce_capacity,04,35,1599.08
freightbidbench_scarce_capacity,04,36,1599.08
freightbidbench_scarce_capacity,04,37,1599.08
freightbidbench_scarce_capacity,04,38,1599.08
freightbidbench_scarce_capacity,04,39,1599.08
freightbidbench_scarce_capacity,04,40,1599.08
freightbidbench_scarce_capacity,04,41,1599.08
freightbidbench_scarce_capacity,04,42,-385.12
freightbidbench_scarce_capacity,04,43,-385.12
freightbidbench_scarce_capacity,04,44,-385.12
freightbidbench_scarce_capacity,04,45,-385.12
freightbidbench_scarce_capacity,04,46,-385.12
freightbidbench_scarce_capacity,04,47,-385.12
freightbidbench_scarce_capacity,04,48,-385.12
freightbidbench_scarce_capacity,04,49,-385.12
freightbidbench_scarce_capacity,04,50,-385.12
freightbidbench_scarce_capacity,04,51,-385.12
freightbidbench_scarce_capacity,04,52,-385.12
freightbidbench_scarce_capacity,04,53,-385.12
freightbidbench_scarce_capacity,04,54,-385.12
freightbidbench_scarce_capacity,04,55,-385.12
freightbidbench_scarce_capacity,04,56,-385.12
freightbidbench_scarce_capacity,04,57,-385.12
freightbidbench_scarce_capacity,04,58,-385.12
freightbidbench_scarce_capacity,04,59,-385.12
freightbidbench_scarce_capacity,04,60,-385.12
freightbidbench_scarce_capacity,04,61,-385.12
freightbidbench_scarce_capacity,04,62,-385.12
freightbidbench_scarce_capacity,04,63,-385.12
freightbidbench_scarce_capacity,04,64,-385.12
freightbidbench_scarce_capacity,04,65,-385.12
freightbidbench_scarce_capacity,04,66,-619.04
freightbidbench_scarce_capacity,04,67,-619.04
freightbidbench_scarce_capacity,04,68,-619.04
freightbidbench_scarce_capacity,04,69,-619.04
freightbidbench_scarce_capacity,04,70,-619.04
freightbidbench_scarce_capacity,04,71,-619.04
freightbidbench_scarce_capacity,04,72,-619.04
freightbidbench_scarce_capacity,06,0,447.99
freightbidbench_scarce_capacity,06,1,447.99
freightbidbench_scarce_capacity,06,2,447.99
freightbidbench_scarce_capacity,06,3,447.99
freightbidbench_scarce_capacity,06,4,447.99
freightbidbench_scarce_capacity,06,5,447.99
freightbidbench_scarce_capacity,06,6,447.99
freightbidbench_scarce_capacity,06,7,447.99
freightbidbench_scarce_capacity,06,8,447.99
freightbidbench_scarce_capacity,06,9,447.99
freightbidbench_scarce_capacity,06,10,447.99
freightbidbench_scarce_capacity,06,11,447.99
freightbidbench_scarce_capacity,06,12,447.99
freightbidbench_scarce_capacity,06,13,447.99
freightbidbench_scarce_capacity,06,14,447.99
freightbidbench_scarce_capacity,06,15,447.99
freightbidbench_scarce_capacity,06,16,447.99
freightbidbench_scarce_capacity,06,17,447.99
freightbidbench_scarce_capacity,06,18,447.99
freightbidbench_scarce_capacity,06,19,447.99
freightbidbench_scarce_capacity,06,20,447.99
freightbidbench_scarce_capacity,06,21,447.99
freightbidbench_scarce_capacity,06,22,447.99
freightbidbench_scarce_capacity,06,23,447.99
freightbidbench_scarce_capacity,06,24,447.99
freightbidbench_scarce_capacity,06,25,447.99
freightbidbench_scarce_capacity,06,26,447.99
freightbidbench_scarce_capacity,06,27,447.99
freightbidbench_scarce_capacity,06,28,447.99
freightbidbench_scarce_capacity,06,29,447.99
freightbidbench_scarce_capacity,06,30,447.99
freightbidbench_scarce_capacity,06,31,447.99
freightbidbench_scarce_capacity,06,32,447.99
freightbidbench_scarce_capacity,06,33,447.99
freightbidbench_scarce_capacity,06,34,447.99
freightbidbench_scarce_capacity,06,35,447.99
freightbidbench_scarce_capacity,06,36,447.99
freightbidbench_scarce_capacity,06,37,447.99
freightbidbench_scarce_capacity,06,38,447.99
freightbidbench_scarce_capacity,06,39,447.99
freightbidbench_scarce_capacity,06,40,447.99
freightbidbench_scarce_capacity,06,41,447.99
freightbidbench_scarce_capacity,06,42,447.99
freightbidbench_scarce_capacity,06,43,447.99
freightbidbench_scarce_capacity,06,44,447.99
freightbidbench_scarce_capacity,06,45,447.99
freightbidbench_scarce_capacity,06,46,447.99
freightbidbench_scarce_capacity,06,47,447.99
freightbidbench_scarce_capacity,06,48,447.99
freightbidbench_scarce_capacity,06,49,447.99
freightbidbench_scarce_capacity,06,50,447.99
freightbidbench_scarce_capacity,06,51,447.99
freightbidbench_scarce_capacity,06,52,447.99
freightbidbench_scarce_capacity,06,53,447.99
freightbidbench_scarce_capacity,06,54,447.99
freightbidbench_scarce_capacity,06,55,447.99
freightbidbench_scarce_capacity,06,56,447.99
freightbidbench_scarce_capacity,06,57,447.99
freightbidbench_scarce_capacity,06,58,447.99
freightbidbench_scarce_capacity,06,59,447.99
freightbidbench_scarce_capacity,06,60,447.99
freightbidbench_scarce_capacity,06,61,447.99
freightbidbench_scarce_capacity,06,62,447.99
freightbidbench_scarce_capacity,06,63,447.99
freightbidbench_scarce_capacity,06,64,447.99
freightbidbench_scarce_capacity,06,65,447.99
freightbidbench_scarce_capacity,06,66,447.99
freightbidbench_scarce_capacity,06,67,447.99
freightbidbench_scarce_capacity,06,68,447.99
freightbidbench_scarce_capacity,06,69,-549.77
freightbidbench_scarce_capacity,06,70,-549.77
freightbidbench_scarce_capacity,06,71,-549.77
freightbidbench_scarce_capacity,06,72,-549.77
freightbidbench_scarce_capacity,08,0,-621.71
freightbidbench_scarce_capacity,08,1,-621.71
freightbidbench_scarce_capacity,08,2,-621.71
freightbidbench_scarce_capacity,08,3,-621.71
freightbidbench_scarce_capacity,08,4,-621.71
freightbidbench_scarce_capacity,08,5,-621.71
freightbidbench_scarce_capacity,08,6,-621.71
freightbidbench_scarce_capacity,08,7,-621.71
freightbidbench_scarce_capacity,08,8,-621.71
freightbidbench_scarce_capacity,08,9,-621.71
freightbidbench_scarce_capacity,08,10,-621.71
freightbidbench_scarce_capacity,08,11,-621.71
freightbidbench_scarce_capacity,08,12,-621.71
freightbidbench_scarce_capacity,08,13,-621.71
freightbidbench_scarce_capacity,08,14,-621.71
freightbidbench_scarce_capacity,08,15,-621.71
freightbidbench_scarce_capacity,08,16,-621.71
freightbidbench_scarce_capacity,08,17,-621.71
freightbidbench_scarce_capacity,08,18,-621.71
freightbidbench_scarce_capacity,08,19,-621.71
freightbidbench_scarce_capacity,08,20,-621.71
freightbidbench_scarce_capacity,08,21,-621.71
freightbidbench_scarce_capacity,08,22,-621.71
freightbidbench_scarce_capacity,08,23,-621.71
freightbidbench_scarce_capacity,08,24,-621.71
freightbidbench_scarce_capacity,08,25,-621.71
freightbidbench_scarce_capacity,08,26,-621.71
freightbidbench_scarce_capacity,08,27,-621.71
freightbidbench_scarce_capacity,08,28,-621.71
freightbidbench_scarce_capacity,08,29,-621.71
freightbidbench_scarce_capacity,08,30,-621.71
freightbidbench_scarce_capacity,08,31,-621.71
freightbidbench_scarce_capacity,08,32,-621.71
freightbidbench_scarce_capacity,08,33,-621.71
freightbidbench_scarce_capacity,08,34,-621.71
freightbidbench_scarce_capacity,08,35,-621.71
freightbidbench_scarce_capacity,08,36,-621.71
freightbidbench_scarce_capacity,08,37,-621.71
freightbidbench_scarce_capacity,08,38,-621.71
freightbidbench_scarce_capacity,08,39,-621.71
freightbidbench_scarce_capacity,08,40,-621.71
freightbidbench_scarce_capacity,08,41,-621.71
freightbidbench_scarce_capacity,08,42,-621.71
freightbidbench_scarce_capacity,08,43,-621.71
freightbidbench_scarce_capacity,08,44,-621.71
freightbidbench_scarce_capacity,08,45,-621.71
freightbidbench_scarce_capacity,08,46,-621.71
freightbidbench_scarce_capacity,08,47,-621.71
freightbidbench_scarce_capacity,08,48,-621.71
freightbidbench_scarce_capacity,08,49,-621.71
freightbidbench_scarce_capacity,08,50,-621.71
freightbidbench_scarce_capacity,08,51,-621.71
freightbidbench_scarce_capacity,08,52,-621.71
freightbidbench_scarce_capacity,08,53,-621.71
freightbidbench_scarce_capacity,08,54,-621.71
freightbidbench_scarce_capacity,08,55,-621.71
freightbidbench_scarce_capacity,08,56,-621.71
freightbidbench_scarce_capacity,08,57,-621.71
freightbidbench_scarce_capacity,08,58,-621.71
freightbidbench_scarce_capacity,08,59,-621.71
freightbidbench_scarce_capacity,08,60,-621.71
freightbidbench_scarce_capacity,08,61,-621.71
freightbidbench_scarce_capacity,08,62,-621.71
freightbidbench_scarce_capacity,08,63,-621.71
freightbidbench_scarce_capacity,08,64,-621.71
freightbidbench_scarce_capacity,08,65,-621.71
freightbidbench_scarce_capacity,08,66,-621.71
freightbidbench_scarce_capacity,08,67,-621.71
freightbidbench_scarce_capacity,08,68,-621.71
freightbidbench_scarce_capacity,08,69,-621.71
freightbidbench_scarce_capacity,08,70,-621.71
freightbidbench_scarce_capacity,08,71,-621.71
freightbidbench_scarce_capacity,08,72,-621.71
freightbidbench_scarce_capacity,12,0,-850.00
freightbidbench_scarce_capacity,12,1,-850.00
freightbidbench_scarce_capacity,12,2,-850.00
freightbidbench_scarce_capacity,12,3,-850.00
freightbidbench_scarce_capacity,12,4,-850.00
freightbidbench_scarce_capacity,12,5,-850.00
freightbidbench_scarce_capacity,12,6,-850.00
freightbidbench_scarce_capacity,12,7,-850.00
freightbidbench_scarce_capacity,12,8,-850.00
freightbidbench_scarce_capacity,12,9,-850.00
freightbidbench_scarce_capacity,12,10,-850.00
freightbidbench_scarce_capacity,12,11,-850.00
freightbidbench_scarce_capacity,12,12,-850.00
freightbidbench_scarce_capacity,12,13,-850.00
freightbidbench_scarce_capacity,12,14,-850.00
freightbidbench_scarce_capacity,12,15,-850.00
freightbidbench_scarce_capacity,12,16,-850.00
freightbidbench_scarce_capacity,12,17,-850.00
freightbidbench_scarce_capacity,12,18,-850.00
freightbidbench_scarce_capacity,12,19,-850.00
freightbidbench_scarce_capacity,12,20,-850.00
freightbidbench_scarce_capacity,12,21,-850.00
freightbidbench_scarce_capacity,12,22,-850.00
freightbidbench_scarce_capacity,12,23,-850.00
freightbidbench_scarce_capacity,12,24,-850.00
freightbidbench_scarce_capacity,12,25,-850.00
freightbidbench_scarce_capacity,12,26,-850.00
freightbidbench_scarce_capacity,12,27,-850.00
freightbidbench_scarce_capacity,12,28,-850.00
freightbidbench_scarce_capacity,12,29,-850.00
freightbidbench_scarce_capacity,12,30,-850.00
freightbidbench_scarce_capacity,12,31,-850.00
freightbidbench_scarce_capacity,12,32,-850.00
freightbidbench_scarce_capacity,12,33,-850.00
freightbidbench_scarce_capacity,12,34,-850.00
freightbidbench_scarce_capacity,12,35,-850.00
freightbidbench_scarce_capacity,12,36,-850.00
freightbidbench_scarce_capacity,12,37,-850.00
freightbidbench_scarce_capacity,12,38,-850.00
freightbidbench_scarce_capacity,12,39,-850.00
freightbidbench_scarce_capacity,12,40,-850.00
freightbidbench_scarce_capacity,12,41,-850.00
freightbidbench_scarce_capacity,12,42,-850.00
freightbidbench_scarce_capacity,12,43,-850.00
freightbidbench_scarce_capacity,12,44,-850.00
freightbidbench_scarce_capacity,12,45,-850.00
freightbidbench_scarce_capacity,12,46,-850.00
freightbidbench_scarce_capacity,12,47,-850.00
freightbidbench_scarce_capacity,12,48,-850.00
freightbidbench_scarce_capacity,12,49,-850.00
freightbidbench_scarce_capacity,12,50,-850.00
freightbidbench_scarce_capacity,12,51,-850.00
freightbidbench_scarce_capacity,12,52,-850.00
freightbidbench_scarce_capacity,12,53,-850.00
freightbidbench_scarce_capacity,12,54,-850.00
freightbidbench_scarce_capacity,12,55,-850.00
freightbidbench_scarce_capacity,12,56,-850.00
freightbidbench_scarce_capacity,12,57,-850.00
freightbidbench_scarce_capacity,12,58,-850.00
freightbidbench_scarce_capacity,12,59,-850.00
freightbidbench_scarce_capacity,12,60,-850.00
freightbidbench_scarce_capacity,12,61,-850.00
freightbidbench_scarce_capacity,12,62,-850.00
freightbidbench_scarce_capacity,12,63,-850.00
freightbidbench_scarce_capacity,12,64,-850.00
freightbidbench_scarce_capacity,12,65,-850.00
freightbidbench_scarce_capacity,12,66,-850.00
freightbidbench_scarce_capacity,12,67,-850.00
freightbidbench_scarce_capacity,12,68,-850.00
freightbidbench_scarce_capacity,12,69,-850.00
freightbidbench_scarce_capacity,12,70,-850.00
freightbidbench_scarce_capacity,12,71,-850.00
freightbidbench_scarce_capacity,12,72,-850.00
freightbidbench_scarce_capacity,13,0,30818.44
freightbidbench_scarce_capacity,13,1,30114.87
freightbidbench_scarce_capacity,13,2,29851.72
freightbidbench_scarce_capacity,13,3,29524.20
freightbidbench_scarce_capacity,13,4,29524.20
freightbidbench_scarce_capacity,13,5,29524.20
freightbidbench_scarce_capacity,13,6,29524.20
freightbidbench_scarce_capacity,13,7,28916.62
freightbidbench_scarce_capacity,13,8,26961.64
freightbidbench_scarce_capacity,13,9,26961.64
freightbidbench_scarce_capacity,13,10,26492.45
freightbidbench_scarce_capacity,13,11,26492.45
freightbidbench_scarce_capacity,13,12,26492.45
freightbidbench_scarce_capacity,13,13,26492.45
freightbidbench_scarce_capacity,13,14,26492.45
freightbidbench_scarce_capacity,13,15,26492.45
freightbidbench_scarce_capacity,13,16,24669.80
freightbidbench_scarce_capacity,13,17,24669.80
freightbidbench_scarce_capacity,13,18,22240.72
freightbidbench_scarce_capacity,13,19,22240.72
freightbidbench_scarce_capacity,13,20,22198.62
freightbidbench_scarce_capacity,13,21,22198.62
freightbidbench_scarce_capacity,13,22,22198.62
freightbidbench_scarce_capacity,13,23,22198.62
freightbidbench_scarce_capacity,13,24,21978.01
freightbidbench_scarce_capacity,13,25,19217.41
freightbidbench_scarce_capacity,13,26,19118.27
freightbidbench_scarce_capacity,13,27,19118.27
freightbidbench_scarce_capacity,13,28,19118.27
freightbidbench_scarce_capacity,13,29,19118.27
freightbidbench_scarce_capacity,13,30,18777.08
freightbidbench_scarce_capacity,13,31,18777.08
freightbidbench_scarce_capacity,13,32,17533.25
freightbidbench_scarce_capacity,13,33,16480.95
freightbidbench_scarce_capacity,13,34,16480.95
freightbidbench_scarce_capacity,13,35,16291.86
freightbidbench_scarce_capacity,13,36,15812.70
freightbidbench_scarce_capacity,13,37,15812.70
freightbidbench_scarce_capacity,13,38,15812.70
freightbidbench_scarce_capacity,13,39,15497.57
freightbidbench_scarce_capacity,13,40,13723.94
freightbidbench_scarce_capacity,13,41,13723.94
freightbidbench_scarce_capacity,13,42,12166.85
freightbidbench_scarce_capacity,13,43,12166.85
freightbidbench_scarce_capacity,13,44,12166.85
freightbidbench_scarce_capacity,13,45,12166.85
freightbidbench_scarce_capacity,13,46,12153.33
freightbidbench_scarce_capacity,13,47,11573.28
freightbidbench_scarce_capacity,13,48,11573.28
freightbidbench_scarce_capacity,13,49,9636.58
freightbidbench_scarce_capacity,13,50,9258.62
freightbidbench_scarce_capacity,13,51,9258.62
freightbidbench_scarce_capacity,13,52,9258.62
freightbidbench_scarce_capacity,13,53,8942.90
freightbidbench_scarce_capacity,13,54,8942.75
freightbidbench_scarce_capacity,13,55,8942.75
freightbidbench_scarce_capacity,13,56,8942.75
freightbidbench_scarce_capacity,13,57,6779.63
freightbidbench_scarce_capacity,13,58,6779.63
freightbidbench_scarce_capacity,13,59,6779.63
freightbidbench_scarce_capacity,13,60,6779.63
freightbidbench_scarce_capacity,13,61,6156.46
freightbidbench_scarce_capacity,13,62,5672.95
freightbidbench_scarce_capacity,13,63,5672.95
freightbidbench_scarce_capacity,13,64,2616.33
freightbidbench_scarce_capacity,13,65,2616.33
freightbidbench_scarce_capacity,13,66,2616.33
freightbidbench_scarce_capacity,13,67,2616.33
freightbidbench_scarce_capacity,13,68,2616.33
freightbidbench_scarce_capacity,13,69,2263.14
freightbidbench_scarce_capacity,13,70,2263.14
freightbidbench_scarce_capacity,13,71,1761.37
freightbidbench_scarce_capacity,13,72,-421.63
freightbidbench_scarce_capacity,17,0,-500.72
freightbidbench_scarce_capacity,17,1,-500.72
freightbidbench_scarce_capacity,17,2,-500.72
freightbidbench_scarce_capacity,17,3,-500.72
freightbidbench_scarce_capacity,17,4,-500.72
freightbidbench_scarce_capacity,17,5,-500.72
freightbidbench_scarce_capacity,17,6,-500.72
freightbidbench_scarce_capacity,17,7,-500.72
freightbidbench_scarce_capacity,17,8,-500.72
freightbidbench_scarce_capacity,17,9,-500.72
freightbidbench_scarce_capacity,17,10,-500.72
freightbidbench_scarce_capacity,17,11,-500.72
freightbidbench_scarce_capacity,17,12,-500.72
freightbidbench_scarce_capacity,17,13,-500.72
freightbidbench_scarce_capacity,17,14,-500.72
freightbidbench_scarce_capacity,17,15,-500.72
freightbidbench_scarce_capacity,17,16,-500.72
freightbidbench_scarce_capacity,17,17,-500.72
freightbidbench_scarce_capacity,17,18,-500.72
freightbidbench_scarce_capacity,17,19,-500.72
freightbidbench_scarce_capacity,17,20,-500.72
freightbidbench_scarce_capacity,17,21,-500.72
freightbidbench_scarce_capacity,17,22,-500.72
freightbidbench_scarce_capacity,17,23,-500.72
freightbidbench_scarce_capacity,17,24,-500.72
freightbidbench_scarce_capacity,17,25,-500.72
freightbidbench_scarce_capacity,17,26,-500.72
freightbidbench_scarce_capacity,17,27,-500.72
freightbidbench_scarce_capacity,17,28,-500.72
freightbidbench_scarce_capacity,17,29,-500.72
freightbidbench_scarce_capacity,17,30,-500.72
freightbidbench_scarce_capacity,17,31,-500.72
freightbidbench_scarce_capacity,17,32,-500.72
freightbidbench_scarce_capacity,17,33,-500.72
freightbidbench_scarce_capacity,17,34,-500.72
freightbidbench_scarce_capacity,17,35,-500.72
freightbidbench_scarce_capacity,17,36,-500.72
freightbidbench_scarce_capacity,17,37,-500.72
freightbidbench_scarce_capacity,17,38,-500.72
freightbidbench_scarce_capacity,17,39,-500.72
freightbidbench_scarce_capacity,17,40,-500.72
freightbidbench_scarce_capacity,17,41,-500.72
freightbidbench_scarce_capacity,17,42,-500.72
freightbidbench_scarce_capacity,17,43,-500.72
freightbidbench_scarce_capacity,17,44,-500.72
freightbidbench_scarce_capacity,17,45,-500.72
freightbidbench_scarce_capacity,17,46,-500.72
freightbidbench_scarce_capacity,17,47,-500.72
freightbidbench_scarce_capacity,17,48,-500.72
freightbidbench_scarce_capacity,17,49,-500.72
freightbidbench_scarce_capacity,17,50,-500.72
freightbidbench_scarce_capacity,17,51,-500.72
freightbidbench_scarce_capacity,17,52,-500.72
freightbidbench_scarce_capacity,17,53,-500.72
freightbidbench_scarce_capacity,17,54,-500.72
freightbidbench_scarce_capacity,17,55,-500.72
freightbidbench_scarce_capacity,17,56,-500.72
freightbidbench_scarce_capacity,17,57,-500.72
freightbidbench_scarce_capacity,17,58,-500.72
freightbidbench_scarce_capacity,17,59,-500.72
freightbidbench_scarce_capacity,17,60,-500.72
freightbidbench_scarce_capacity,17,61,-500.72
freightbidbench_scarce_capacity,17,62,-500.72
freightbidbench_scarce_capacity,17,63,-500.72
freightbidbench_scarce_capacity,17,64,-500.72
freightbidbench_scarce_capacity,17,65,-500.72
freightbidbench_scarce_capacity,17,66,-500.72
freightbidbench_scarce_capacity,17,67,-500.72
freightbidbench_scarce_capacity,17,68,-500.72
freightbidbench_scarce_capacity,17,69,-500.72
freightbidbench_scarce_capacity,17,70,-500.72
freightbidbench_scarce_capacity,17,71,-500.72
freightbidbench_scarce_capacity,17,72,-500.72
freightbidbench_scarce_capacity,24,0,-553.80
freightbidbench_scarce_capacity,24,1,-553.80
freightbidbench_scarce_capacity,24,2,-553.80
freightbidbench_scarce_capacity,24,3,-553.80
freightbidbench_scarce_capacity,24,4,-553.80
freightbidbench_scarce_capacity,24,5,-553.80
freightbidbench_scarce_capacity,24,6,-553.80
freightbidbench_scarce_capacity,24,7,-553.80
freightbidbench_scarce_capacity,24,8,-553.80
freightbidbench_scarce_capacity,24,9,-553.80
freightbidbench_scarce_capacity,24,10,-553.80
freightbidbench_scarce_capacity,24,11,-553.80
freightbidbench_scarce_capacity,24,12,-553.80
freightbidbench_scarce_capacity,24,13,-553.80
freightbidbench_scarce_capacity,24,14,-553.80
freightbidbench_scarce_capacity,24,15,-553.80
freightbidbench_scarce_capacity,24,16,-553.80
freightbidbench_scarce_capacity,24,17,-553.80
freightbidbench_scarce_capacity,24,18,-553.80
freightbidbench_scarce_capacity,24,19,-553.80
freightbidbench_scarce_capacity,24,20,-553.80
freightbidbench_scarce_capacity,24,21,-553.80
freightbidbench_scarce_capacity,24,22,-553.80
freightbidbench_scarce_capacity,24,23,-553.80
freightbidbench_scarce_capacity,24,24,-553.80
freightbidbench_scarce_capacity,24,25,-553.80
freightbidbench_scarce_capacity,24,26,-553.80
freightbidbench_scarce_capacity,24,27,-553.80
freightbidbench_scarce_capacity,24,28,-553.80
freightbidbench_scarce_capacity,24,29,-553.80
freightbidbench_scarce_capacity,24,30,-553.80
freightbidbench_scarce_capacity,24,31,-553.80
freightbidbench_scarce_capacity,24,32,-553.80
freightbidbench_scarce_capacity,24,33,-553.80
freightbidbench_scarce_capacity,24,34,-553.80
freightbidbench_scarce_capacity,24,35,-553.80
freightbidbench_scarce_capacity,24,36,-553.80
freightbidbench_scarce_capacity,24,37,-553.80
freightbidbench_scarce_capacity,24,38,-553.80
freightbidbench_scarce_capacity,24,39,-553.80
freightbidbench_scarce_capacity,24,40,-553.80
freightbidbench_scarce_capacity,24,41,-553.80
freightbidbench_scarce_capacity,24,42,-553.80
freightbidbench_scarce_capacity,24,43,-553.80
freightbidbench_scarce_capacity,24,44,-553.80
freightbidbench_scarce_capacity,24,45,-553.80
freightbidbench_scarce_capacity,24,46,-553.80
freightbidbench_scarce_capacity,24,47,-553.80
freightbidbench_scarce_capacity,24,48,-553.80
freightbidbench_scarce_capacity,24,49,-553.80
freightbidbench_scarce_capacity,24,50,-553.80
freightbidbench_scarce_capacity,24,51,-553.80
freightbidbench_scarce_capacity,24,52,-553.80
freightbidbench_scarce_capacity,24,53,-553.80
freightbidbench_scarce_capacity,24,54,-553.80
freightbidbench_scarce_capacity,24,55,-553.80
freightbidbench_scarce_capacity,24,56,-553.80
freightbidbench_scarce_capacity,24,57,-553.80
freightbidbench_scarce_capacity,24,58,-553.80
freightbidbench_scarce_capacity,24,59,-553.80
freightbidbench_scarce_capacity,24,60,-553.80
freightbidbench_scarce_capacity,24,61,-553.80
freightbidbench_scarce_capacity,24,62,-553.80
freightbidbench_scarce_capacity,24,63,-553.80
freightbidbench_scarce_capacity,24,64,-553.80
freightbidbench_scarce_capacity,24,65,-553.80
freightbidbench_scarce_capacity,24,66,-553.80
freightbidbench_scarce_capacity,24,67,-553.80
freightbidbench_scarce_capacity,24,68,-553.80
freightbidbench_scarce_capacity,24,69,-553.80
freightbidbench_scarce_capacity,24,70,-553.80
freightbidbench_scarce_capacity,24,71,-553.80
freightbidbench_scarce_capacity,24,72,-553.80
freightbidbench_scarce_capacity,25,0,-544.08
freightbidbench_scarce_capacity,25,1,-544.08
freightbidbench_scarce_capacity,25,2,-544.08
freightbidbench_scarce_capacity,25,3,-544.08
freightbidbench_scarce_capacity,25,4,-544.08
freightbidbench_scarce_capacity,25,5,-544.08
freightbidbench_scarce_capacity,25,6,-544.08
freightbidbench_scarce_capacity,25,7,-544.08
freightbidbench_scarce_capacity,25,8,-544.08
freightbidbench_scarce_capacity,25,9,-544.08
freightbidbench_scarce_capacity,25,10,-544.08
freightbidbench_scarce_capacity,25,11,-544.08
freightbidbench_scarce_capacity,25,12,-544.08
freightbidbench_scarce_capacity,25,13,-544.08
freightbidbench_scarce_capacity,25,14,-544.08
freightbidbench_scarce_capacity,25,15,-544.08
freightbidbench_scarce_capacity,25,16,-544.08
freightbidbench_scarce_capacity,25,17,-544.08
freightbidbench_scarce_capacity,25,18,-544.08
freightbidbench_scarce_capacity,25,19,-544.08
freightbidbench_scarce_capacity,25,20,-544.08
freightbidbench_scarce_capacity,25,21,-544.08
freightbidbench_scarce_capacity,25,22,-544.08
freightbidbench_scarce_capacity,25,23,-544.08
freightbidbench_scarce_capacity,25,24,-544.08
freightbidbench_scarce_capacity,25,25,-544.08
freightbidbench_scarce_capacity,25,26,-544.08
freightbidbench_scarce_capacity,25,27,-544.08
freightbidbench_scarce_capacity,25,28,-544.08
freightbidbench_scarce_capacity,25,29,-544.08
freightbidbench_scarce_capacity,25,30,-544.08
freightbidbench_scarce_capacity,25,31,-544.08
freightbidbench_scarce_capacity,25,32,-544.08
freightbidbench_scarce_capacity,25,33,-544.08
freightbidbench_scarce_capacity,25,34,-544.08
freightbidbench_scarce_capacity,25,35,-544.08
freightbidbench_scarce_capacity,25,36,-544.08
freightbidbench_scarce_capacity,25,37,-544.08
freightbidbench_scarce_capacity,25,38,-544.08
freightbidbench_scarce_capacity,25,39,-544.08
freightbidbench_scarce_capacity,25,40,-544.08
freightbidbench_scarce_capacity,25,41,-544.08
freightbidbench_scarce_capacity,25,42,-544.08
freightbidbench_scarce_capacity,25,43,-544.08
freightbidbench_scarce_capacity,25,44,-544.08
freightbidbench_scarce_capacity,25,45,-544.08
freightbidbench_scarce_capacity,25,46,-544.08
freightbidbench_scarce_capacity,25,47,-544.08
freightbidbench_scarce_capacity,25,48,-544.08
freightbidbench_scarce_capacity,25,49,-544.08
freightbidbench_scarce_capacity,25,50,-544.08
freightbidbench_scarce_capacity,25,51,-544.08
freightbidbench_scarce_capacity,25,52,-544.08
freightbidbench_scarce_capacity,25,53,-544.08
freightbidbench_scarce_capacity,25,54,-544.08
freightbidbench_scarce_capacity,25,55,-544.08
freightbidbench_scarce_capacity,25,56,-544.08
freightbidbench_scarce_capacity,25,57,-544.08
freightbidbench_scarce_capacity,25,58,-544.08
freightbidbench_scarce_capacity,25,59,-544.08
freightbidbench_scarce_capacity,25,60,-544.08
freightbidbench_scarce_capacity,25,61,-544.08
freightbidbench_scarce_capacity,25,62,-544.08
freightbidbench_scarce_capacity,25,63,-544.08
freightbidbench_scarce_capacity,25,64,-544.08
freightbidbench_scarce_capacity,25,65,-544.08
freightbidbench_scarce_capacity,25,66,-544.08
freightbidbench_scarce_capacity,25,67,-544.08
freightbidbench_scarce_capacity,25,68,-544.08
freightbidbench_scarce_capacity,25,69,-544.08
freightbidbench_scarce_capacity,25,70,-544.08
freightbidbench_scarce_capacity,25,71,-544.08
freightbidbench_scarce_capacity,25,72,-544.08
freightbidbench_scarce_capacity,36,0,-680.34
freightbidbench_scarce_capacity,36,1,-680.34
freightbidbench_scarce_capacity,36,2,-680.34
freightbidbench_scarce_capacity,36,3,-680.34
freightbidbench_scarce_capacity,36,4,-680.34
freightbidbench_scarce_capacity,36,5,-680.34
freightbidbench_scarce_capacity,36,6,-680.34
freightbidbench_scarce_capacity,36,7,-680.34
freightbidbench_scarce_capacity,36,8,-680.34
freightbidbench_scarce_capacity,36,9,-680.34
freightbidbench_scarce_capacity,36,10,-680.34
freightbidbench_scarce_capacity,36,11,-680.34
freightbidbench_scarce_capacity,36,12,-680.34
freightbidbench_scarce_capacity,36,13,-680.34
freightbidbench_scarce_capacity,36,14,-680.34
freightbidbench_scarce_capacity,36,15,-680.34
freightbidbench_scarce_capacity,36,16,-680.34
freightbidbench_scarce_capacity,36,17,-680.34
freightbidbench_scarce_capacity,36,18,-680.34
freightbidbench_scarce_capacity,36,19,-680.34
freightbidbench_scarce_capacity,36,20,-680.34
freightbidbench_scarce_capacity,36,21,-680.34
freightbidbench_scarce_capacity,36,22,-680.34
freightbidbench_scarce_capacity,36,23,-680.34
freightbidbench_scarce_capacity,36,24,-680.34
freightbidbench_scarce_capacity,36,25,-680.34
freightbidbench_scarce_capacity,36,26,-680.34
freightbidbench_scarce_capacity,36,27,-680.34
freightbidbench_scarce_capacity,36,28,-680.34
freightbidbench_scarce_capacity,36,29,-680.34
freightbidbench_scarce_capacity,36,30,-680.34
freightbidbench_scarce_capacity,36,31,-680.34
freightbidbench_scarce_capacity,36,32,-680.34
freightbidbench_scarce_capacity,36,33,-680.34
freightbidbench_scarce_capacity,36,34,-680.34
freightbidbench_scarce_capacity,36,35,-680.34
freightbidbench_scarce_capacity,36,36,-680.34
freightbidbench_scarce_capacity,36,37,-680.34
freightbidbench_scarce_capacity,36,38,-680.34
freightbidbench_scarce_capacity,36,39,-680.34
freightbidbench_scarce_capacity,36,40,-680.34
freightbidbench_scarce_capacity,36,41,-680.34
freightbidbench_scarce_capacity,36,42,-680.34
freightbidbench_scarce_capacity,36,43,-680.34
freightbidbench_scarce_capacity,36,44,-680.34
freightbidbench_scarce_capacity,36,45,-680.34
freightbidbench_scarce_capacity,36,46,-680.34
freightbidbench_scarce_capacity,36,47,-680.34
freightbidbench_scarce_capacity,36,48,-680.34
freightbidbench_scarce_capacity,36,49,-680.34
freightbidbench_scarce_capacity,36,50,-680.34
freightbidbench_scarce_capacity,36,51,-680.34
freightbidbench_scarce_capacity,36,52,-680.34
freightbidbench_scarce_capacity,36,53,-680.34
freightbidbench_scarce_capacity,36,54,-680.34
freightbidbench_scarce_capacity,36,55,-680.34
freightbidbench_scarce_capacity,36,56,-680.34
freightbidbench_scarce_capacity,36,57,-680.34
freightbidbench_scarce_capacity,36,58,-680.34
freightbidbench_scarce_capacity,36,59,-680.34
freightbidbench_scarce_capacity,36,60,-680.34
freightbidbench_scarce_capacity,36,61,-680.34
freightbidbench_scarce_capacity,36,62,-680.34
freightbidbench_scarce_capacity,36,63,-680.34
freightbidbench_scarce_capacity,36,64,-680.34
freightbidbench_scarce_capacity,36,65,-680.34
freightbidbench_scarce_capacity,36,66,-680.34
freightbidbench_scarce_capacity,36,67,-680.34
freightbidbench_scarce_capacity,36,68,-680.34
freightbidbench_scarce_capacity,36,69,-680.34
freightbidbench_scarce_capacity,36,70,-680.34
freightbidbench_scarce_capacity,36,71,-680.34
freightbidbench_scarce_capacity,36,72,-680.34
freightbidbench_scarce_capacity,42,0,-577.04
freightbidbench_scarce_capacity,42,1,-577.04
freightbidbench_scarce_capacity,42,2,-577.04
freightbidbench_scarce_capacity,42,3,-577.04
freightbidbench_scarce_capacity,42,4,-577.04
freightbidbench_scarce_capacity,42,5,-577.04
freightbidbench_scarce_capacity,42,6,-577.04
freightbidbench_scarce_capacity,42,7,-577.04
freightbidbench_scarce_capacity,42,8,-577.04
freightbidbench_scarce_capacity,42,9,-577.04
freightbidbench_scarce_capacity,42,10,-577.04
freightbidbench_scarce_capacity,42,11,-577.04
freightbidbench_scarce_capacity,42,12,-577.04
freightbidbench_scarce_capacity,42,13,-577.04
freightbidbench_scarce_capacity,42,14,-577.04
freightbidbench_scarce_capacity,42,15,-577.04
freightbidbench_scarce_capacity,42,16,-577.04
freightbidbench_scarce_capacity,42,17,-577.04
freightbidbench_scarce_capacity,42,18,-577.04
freightbidbench_scarce_capacity,42,19,-577.04
freightbidbench_scarce_capacity,42,20,-577.04
freightbidbench_scarce_capacity,42,21,-577.04
freightbidbench_scarce_capacity,42,22,-577.04
freightbidbench_scarce_capacity,42,23,-577.04
freightbidbench_scarce_capacity,42,24,-577.04
freightbidbench_scarce_capacity,42,25,-577.04
freightbidbench_scarce_capacity,42,26,-577.04
freightbidbench_scarce_capacity,42,27,-577.04
freightbidbench_scarce_capacity,42,28,-577.04
freightbidbench_scarce_capacity,42,29,-577.04
freightbidbench_scarce_capacity,42,30,-577.04
freightbidbench_scarce_capacity,42,31,-577.04
freightbidbench_scarce_capacity,42,32,-577.04
freightbidbench_scarce_capacity,42,33,-577.04
freightbidbench_scarce_capacity,42,34,-577.04
freightbidbench_scarce_capacity,42,35,-577.04
freightbidbench_scarce_capacity,42,36,-577.04
freightbidbench_scarce_capacity,42,37,-577.04
freightbidbench_scarce_capacity,42,38,-577.04
freightbidbench_scarce_capacity,42,39,-577.04
freightbidbench_scarce_capacity,42,40,-577.04
freightbidbench_scarce_capacity,42,41,-577.04
freightbidbench_scarce_capacity,42,42,-577.04
freightbidbench_scarce_capacity,42,43,-577.04
freightbidbench_scarce_capacity,42,44,-577.04
freightbidbench_scarce_capacity,42,45,-577.04
freightbidbench_scarce_capacity,42,46,-577.04
freightbidbench_scarce_capacity,42,47,-577.04
freightbidbench_scarce_capacity,42,48,-577.04
freightbidbench_scarce_capacity,42,49,-577.04
freightbidbench_scarce_capacity,42,50,-577.04
freightbidbench_scarce_capacity,42,51,-577.04
freightbidbench_scarce_capacity,42,52,-577.04
freightbidbench_scarce_capacity,42,53,-577.04
freightbidbench_scarce_capacity,42,54,-577.04
freightbidbench_scarce_capacity,42,55,-577.04
freightbidbench_scarce_capacity,42,56,-577.04
freightbidbench_scarce_capacity,42,57,-577.04
freightbidbench_scarce_capacity,42,58,-577.04
freightbidbench_scarce_capacity,42,59,-577.04
freightbidbench_scarce_capacity,42,60,-577.04
freightbidbench_scarce_capacity,42,61,-577.04
freightbidbench_scarce_capacity,42,62,-577.04
freightbidbench_scarce_capacity,42,63,-577.04
freightbidbench_scarce_capacity,42,64,-577.04
freightbidbench_scarce_capacity,42,65,-577.04
freightbidbench_scarce_capacity,42,66,-577.04
freightbidbench_scarce_capacity,42,67,-577.04
freightbidbench_scarce_capacity,42,68,-577.04
freightbidbench_scarce_capacity,42,69,-577.04
freightbidbench_scarce_capacity,42,70,-577.04
freightbidbench_scarce_capacity,42,71,-577.04
freightbidbench_scarce_capacity,42,72,-577.04
freightbidbench_scarce_capacity,48,0,25711.80
freightbidbench_scarce_capacity,48,1,25711.80
freightbidbench_scarce_capacity,48,2,24608.01
freightbidbench_scarce_capacity,48,3,24608.01
freightbidbench_scarce_capacity,48,4,24608.01
freightbidbench_scarce_capacity,48,5,24336.17
freightbidbench_scarce_capacity,48,6,24056.99
freightbidbench_scarce_capacity,48,7,24009.45
freightbidbench_scarce_capacity,48,8,22846.00
freightbidbench_scarce_capacity,48,9,22846.00
freightbidbench_scarce_capacity,48,10,22712.39
freightbidbench_scarce_capacity,48,11,22540.54
freightbidbench_scarce_capacity,48,12,22540.54
freightbidbench_scarce_capacity,48,13,22359.06
freightbidbench_scarce_capacity,48,14,22147.94
freightbidbench_scarce_capacity,48,15,21475.16
freightbidbench_scarce_capacity,48,16,20684.50
freightbidbench_scarce_capacity,48,17,19578.86
freightbidbench_scarce_capacity,48,18,19479.30
freightbidbench_scarce_capacity,48,19,19479.30
freightbidbench_scarce_capacity,48,20,19389.95
freightbidbench_scarce_capacity,48,21,19272.47
freightbidbench_scarce_capacity,48,22,19272.47
freightbidbench_scarce_capacity,48,23,18620.82
freightbidbench_scarce_capacity,48,24,17623.99
freightbidbench_scarce_capacity,48,25,17384.40
freightbidbench_scarce_capacity,48,26,17383.27
freightbidbench_scarce_capacity,48,27,17381.65
freightbidbench_scarce_capacity,48,28,17254.22
freightbidbench_scarce_capacity,48,29,16724.91
freightbidbench_scarce_capacity,48,30,16623.78
freightbidbench_scarce_capacity,48,31,16315.56
freightbidbench_scarce_capacity,48,32,15742.63
freightbidbench_scarce_capacity,48,33,15547.48
freightbidbench_scarce_capacity,48,34,15455.55
freightbidbench_scarce_capacity,48,35,15226.31
freightbidbench_scarce_capacity,48,36,15226.31
freightbidbench_scarce_capacity,48,37,14630.05
freightbidbench_scarce_capacity,48,38,13675.30
freightbidbench_scarce_capacity,48,39,13615.78
freightbidbench_scarce_capacity,48,40,12662.08
freightbidbench_scarce_capacity,48,41,12279.89
freightbidbench_scarce_capacity,48,42,12279.89
freightbidbench_scarce_capacity,48,43,12279.89
freightbidbench_scarce_capacity,48,44,11659.73
freightbidbench_scarce_capacity,48,45,10566.04
freightbidbench_scarce_capacity,48,46,10566.04
freightbidbench_scarce_capacity,48,47,10389.43
freightbidbench_scarce_capacity,48,48,10389.43
freightbidbench_scarce_capacity,48,49,10389.43
freightbidbench_scarce_capacity,48,50,9856.47
freightbidbench_scarce_capacity,48,51,8162.85
freightbidbench_scarce_capacity,48,52,8162.85
freightbidbench_scarce_capacity,48,53,8159.81
freightbidbench_scarce_capacity,48,54,8159.81
freightbidbench_scarce_capacity,48,55,8159.81
freightbidbench_scarce_capacity,48,56,8159.81
freightbidbench_scarce_capacity,48,57,8103.90
freightbidbench_scarce_capacity,48,58,6151.57
freightbidbench_scarce_capacity,48,59,6151.57
freightbidbench_scarce_capacity,48,60,5939.47
freightbidbench_scarce_capacity,48,61,5691.15
freightbidbench_scarce_capacity,48,62,5588.97
freightbidbench_scarce_capacity,48,63,5588.97
freightbidbench_scarce_capacity,48,64,4797.90
freightbidbench_scarce_capacity,48,65,2902.20
freightbidbench_scarce_capacity,48,66,2902.20
freightbidbench_scarce_capacity,48,67,2902.20
freightbidbench_scarce_capacity,48,68,2902.20
freightbidbench_scarce_capacity,48,69,2769.97
freightbidbench_scarce_capacity,48,70,2719.66
freightbidbench_scarce_capacity,48,71,2631.71
freightbidbench_scarce_capacity,48,72,785.22
freightbidbench_scarce_capacity,53,0,-667.82
freightbidbench_scarce_capacity,53,1,-667.82
freightbidbench_scarce_capacity,53,2,-667.82
freightbidbench_scarce_capacity,53,3,-667.82
freightbidbench_scarce_capacity,53,4,-667.82
freightbidbench_scarce_capacity,53,5,-667.82
freightbidbench_scarce_capacity,53,6,-667.82
freightbidbench_scarce_capacity,53,7,-667.82
freightbidbench_scarce_capacity,53,8,-667.82
freightbidbench_scarce_capacity,53,9,-667.82
freightbidbench_scarce_capacity,53,10,-667.82
freightbidbench_scarce_capacity,53,11,-667.82
freightbidbench_scarce_capacity,53,12,-667.82
freightbidbench_scarce_capacity,53,13,-667.82
freightbidbench_scarce_capacity,53,14,-667.82
freightbidbench_scarce_capacity,53,15,-667.82
freightbidbench_scarce_capacity,53,16,-667.82
freightbidbench_scarce_capacity,53,17,-667.82
freightbidbench_scarce_capacity,53,18,-667.82
freightbidbench_scarce_capacity,53,19,-667.82
freightbidbench_scarce_capacity,53,20,-667.82
freightbidbench_scarce_capacity,53,21,-667.82
freightbidbench_scarce_capacity,53,22,-667.82
freightbidbench_scarce_capacity,53,23,-667.82
freightbidbench_scarce_capacity,53,24,-667.82
freightbidbench_scarce_capacity,53,25,-667.82
freightbidbench_scarce_capacity,53,26,-667.82
freightbidbench_scarce_capacity,53,27,-667.82
freightbidbench_scarce_capacity,53,28,-667.82
freightbidbench_scarce_capacity,53,29,-667.82
freightbidbench_scarce_capacity,53,30,-667.82
freightbidbench_scarce_capacity,53,31,-667.82
freightbidbench_scarce_capacity,53,32,-667.82
freightbidbench_scarce_capacity,53,33,-667.82
freightbidbench_scarce_capacity,53,34,-667.82
freightbidbench_scarce_capacity,53,35,-667.82
freightbidbench_scarce_capacity,53,36,-667.82
freightbidbench_scarce_capacity,53,37,-667.82
freightbidbench_scarce_capacity,53,38,-667.82
freightbidbench_scarce_capacity,53,39,-667.82
freightbidbench_scarce_capacity,53,40,-667.82
freightbidbench_scarce_capacity,53,41,-667.82
freightbidbench_scarce_capacity,53,42,-667.82
freightbidbench_scarce_capacity,53,43,-667.82
freightbidbench_scarce_capacity,53,44,-667.82
freightbidbench_scarce_capacity,53,45,-667.82
freightbidbench_scarce_capacity,53,46,-667.82
freightbidbench_scarce_capacity,53,47,-667.82
freightbidbench_scarce_capacity,53,48,-667.82
freightbidbench_scarce_capacity,53,49,-667.82
freightbidbench_scarce_capacity,53,50,-667.82
freightbidbench_scarce_capacity,53,51,-667.82
freightbidbench_scarce_capacity,53,52,-667.82
freightbidbench_scarce_capacity,53,53,-667.82
freightbidbench_scarce_capacity,53,54,-667.82
freightbidbench_scarce_capacity,53,55,-667.82
freightbidbench_scarce_capacity,53,56,-667.82
freightbidbench_scarce_capacity,53,57,-667.82
freightbidbench_scarce_capacity,53,58,-667.82
freightbidbench_scarce_capacity,53,59,-667.82
freightbidbench_scarce_capacity,53,60,-667.82
freightbidbench_scarce_capacity,53,61,-667.82
freightbidbench_scarce_capacity,53,62,-667.82
freightbidbench_scarce_capacity,53,63,-667.82
freightbidbench_scarce_capacity,53,64,-667.82
freightbidbench_scarce_capacity,53,65,-667.82
freightbidbench_scarce_capacity,53,66,-667.82
freightbidbench_scarce_capacity,53,67,-667.82
freightbidbench_scarce_capacity,53,68,-667.82
freightbidbench_scarce_capacity,53,69,-667.82
freightbidbench_scarce_capacity,53,70,-667.82
freightbidbench_scarce_capacity,53,71,-667.82
freightbidbench_scarce_capacity,53,72,-667.82
freightbidbench_mild_capacity,04,0,5530.53
freightbidbench_mild_capacity,04,1,5530.53
freightbidbench_mild_capacity,04,2,5530.53
freightbidbench_mild_capacity,04,3,5530.53
freightbidbench_mild_capacity,04,4,5530.53
freightbidbench_mild_capacity,04,5,5530.53
freightbidbench_mild_capacity,04,6,5530.53
freightbidbench_mild_capacity,04,7,5530.53
freightbidbench_mild_capacity,04,8,5530.53
freightbidbench_mild_capacity,04,9,5530.53
freightbidbench_mild_capacity,04,10,5530.53
freightbidbench_mild_capacity,04,11,5530.53
freightbidbench_mild_capacity,04,12,5530.53
freightbidbench_mild_capacity,04,13,5530.53
freightbidbench_mild_capacity,04,14,5530.53
freightbidbench_mild_capacity,04,15,5530.53
freightbidbench_mild_capacity,04,16,5530.53
freightbidbench_mild_capacity,04,17,5530.53
freightbidbench_mild_capacity,04,18,5530.53
freightbidbench_mild_capacity,04,19,5530.53
freightbidbench_mild_capacity,04,20,5530.53
freightbidbench_mild_capacity,04,21,5530.53
freightbidbench_mild_capacity,04,22,5530.53
freightbidbench_mild_capacity,04,23,5530.53
freightbidbench_mild_capacity,04,24,5530.53
freightbidbench_mild_capacity,04,25,5530.53
freightbidbench_mild_capacity,04,26,5530.53
freightbidbench_mild_capacity,04,27,5530.53
freightbidbench_mild_capacity,04,28,5530.53
freightbidbench_mild_capacity,04,29,5530.53
freightbidbench_mild_capacity,04,30,5530.53
freightbidbench_mild_capacity,04,31,5530.53
freightbidbench_mild_capacity,04,32,1570.98
freightbidbench_mild_capacity,04,33,1570.98
freightbidbench_mild_capacity,04,34,1570.98
freightbidbench_mild_capacity,04,35,1570.98
freightbidbench_mild_capacity,04,36,1570.98
freightbidbench_mild_capacity,04,37,1570.98
freightbidbench_mild_capacity,04,38,1570.98
freightbidbench_mild_capacity,04,39,1570.98
freightbidbench_mild_capacity,04,40,1570.98
freightbidbench_mild_capacity,04,41,1570.98
freightbidbench_mild_capacity,04,42,1570.98
freightbidbench_mild_capacity,04,43,1570.98
freightbidbench_mild_capacity,04,44,1570.98
freightbidbench_mild_capacity,04,45,1570.98
freightbidbench_mild_capacity,04,46,1570.98
freightbidbench_mild_capacity,04,47,1570.98
freightbidbench_mild_capacity,04,48,1570.98
freightbidbench_mild_capacity,04,49,1570.98
freightbidbench_mild_capacity,04,50,1570.98
freightbidbench_mild_capacity,04,51,1570.98
freightbidbench_mild_capacity,04,52,1570.98
freightbidbench_mild_capacity,04,53,1570.98
freightbidbench_mild_capacity,04,54,1570.98
freightbidbench_mild_capacity,04,55,94.61
freightbidbench_mild_capacity,04,56,94.61
freightbidbench_mild_capacity,04,57,94.61
freightbidbench_mild_capacity,04,58,94.61
freightbidbench_mild_capacity,04,59,94.61
freightbidbench_mild_capacity,04,60,94.61
freightbidbench_mild_capacity,04,61,94.61
freightbidbench_mild_capacity,04,62,94.61
freightbidbench_mild_capacity,04,63,94.61
freightbidbench_mild_capacity,04,64,94.61
freightbidbench_mild_capacity,04,65,94.61
freightbidbench_mild_capacity,04,66,94.61
freightbidbench_mild_capacity,04,67,94.61
freightbidbench_mild_capacity,04,68,94.61
freightbidbench_mild_capacity,04,69,94.61
freightbidbench_mild_capacity,04,70,-436.97
freightbidbench_mild_capacity,04,71,-436.97
freightbidbench_mild_capacity,04,72,-436.97
freightbidbench_mild_capacity,06,0,0.59
freightbidbench_mild_capacity,06,1,0.59
freightbidbench_mild_capacity,06,2,0.59
freightbidbench_mild_capacity,06,3,0.59
freightbidbench_mild_capacity,06,4,0.59
freightbidbench_mild_capacity,06,5,0.59
freightbidbench_mild_capacity,06,6,0.59
freightbidbench_mild_capacity,06,7,0.59
freightbidbench_mild_capacity,06,8,0.59
freightbidbench_mild_capacity,06,9,0.59
freightbidbench_mild_capacity,06,10,0.59
freightbidbench_mild_capacity,06,11,0.59
freightbidbench_mild_capacity,06,12,0.59
freightbidbench_mild_capacity,06,13,0.59
freightbidbench_mild_capacity,06,14,0.59
freightbidbench_mild_capacity,06,15,0.59
freightbidbench_mild_capacity,06,16,0.59
freightbidbench_mild_capacity,06,17,0.59
freightbidbench_mild_capacity,06,18,0.59
freightbidbench_mild_capacity,06,19,0.59
freightbidbench_mild_capacity,06,20,0.59
freightbidbench_mild_capacity,06,21,0.59
freightbidbench_mild_capacity,06,22,0.59
freightbidbench_mild_capacity,06,23,0.59
freightbidbench_mild_capacity,06,24,0.59
freightbidbench_mild_capacity,06,25,0.59
freightbidbench_mild_capacity,06,26,0.59
freightbidbench_mild_capacity,06,27,0.59
freightbidbench_mild_capacity,06,28,0.59
freightbidbench_mild_capacity,06,29,0.59
freightbidbench_mild_capacity,06,30,-48.11
freightbidbench_mild_capacity,06,31,-48.11
freightbidbench_mild_capacity,06,32,-48.11
freightbidbench_mild_capacity,06,33,-48.11
freightbidbench_mild_capacity,06,34,-48.11
freightbidbench_mild_capacity,06,35,-48.11
freightbidbench_mild_capacity,06,36,-48.11
freightbidbench_mild_capacity,06,37,-48.11
freightbidbench_mild_capacity,06,38,-48.11
freightbidbench_mild_capacity,06,39,-48.11
freightbidbench_mild_capacity,06,40,-48.11
freightbidbench_mild_capacity,06,41,-48.11
freightbidbench_mild_capacity,06,42,-48.11
freightbidbench_mild_capacity,06,43,-48.11
freightbidbench_mild_capacity,06,44,-48.11
freightbidbench_mild_capacity,06,45,-48.11
freightbidbench_mild_capacity,06,46,-48.11
freightbidbench_mild_capacity,06,47,-48.11
freightbidbench_mild_capacity,06,48,-48.11
freightbidbench_mild_capacity,06,49,-48.11
freightbidbench_mild_capacity,06,50,-48.11
freightbidbench_mild_capacity,06,51,-48.11
freightbidbench_mild_capacity,06,52,-48.11
freightbidbench_mild_capacity,06,53,-48.11
freightbidbench_mild_capacity,06,54,-48.11
freightbidbench_mild_capacity,06,55,-48.11
freightbidbench_mild_capacity,06,56,-48.11
freightbidbench_mild_capacity,06,57,-48.11
freightbidbench_mild_capacity,06,58,-48.11
freightbidbench_mild_capacity,06,59,-48.11
freightbidbench_mild_capacity,06,60,-48.11
freightbidbench_mild_capacity,06,61,-48.11
freightbidbench_mild_capacity,06,62,-48.11
freightbidbench_mild_capacity,06,63,-48.11
freightbidbench_mild_capacity,06,64,-48.11
freightbidbench_mild_capacity,06,65,-48.11
freightbidbench_mild_capacity,06,66,-388.08
freightbidbench_mild_capacity,06,67,-388.08
freightbidbench_mild_capacity,06,68,-388.08
freightbidbench_mild_capacity,06,69,-388.08
freightbidbench_mild_capacity,06,70,-388.08
freightbidbench_mild_capacity,06,71,-388.08
freightbidbench_mild_capacity,06,72,-388.08
freightbidbench_mild_capacity,08,0,-438.85
freightbidbench_mild_capacity,08,1,-438.85
freightbidbench_mild_capacity,08,2,-438.85
freightbidbench_mild_capacity,08,3,-438.85
freightbidbench_mild_capacity,08,4,-438.85
freightbidbench_mild_capacity,08,5,-438.85
freightbidbench_mild_capacity,08,6,-438.85
freightbidbench_mild_capacity,08,7,-438.85
freightbidbench_mild_capacity,08,8,-438.85
freightbidbench_mild_capacity,08,9,-438.85
freightbidbench_mild_capacity,08,10,-438.85
freightbidbench_mild_capacity,08,11,-438.85
freightbidbench_mild_capacity,08,12,-438.85
freightbidbench_mild_capacity,08,13,-438.85
freightbidbench_mild_capacity,08,14,-438.85
freightbidbench_mild_capacity,08,15,-438.85
freightbidbench_mild_capacity,08,16,-438.85
freightbidbench_mild_capacity,08,17,-438.85
freightbidbench_mild_capacity,08,18,-438.85
freightbidbench_mild_capacity,08,19,-438.85
freightbidbench_mild_capacity,08,20,-438.85
freightbidbench_mild_capacity,08,21,-438.85
freightbidbench_mild_capacity,08,22,-438.85
freightbidbench_mild_capacity,08,23,-438.85
freightbidbench_mild_capacity,08,24,-438.85
freightbidbench_mild_capacity,08,25,-438.85
freightbidbench_mild_capacity,08,26,-438.85
freightbidbench_mild_capacity,08,27,-438.85
freightbidbench_mild_capacity,08,28,-438.85
freightbidbench_mild_capacity,08,29,-438.85
freightbidbench_mild_capacity,08,30,-438.85
freightbidbench_mild_capacity,08,31,-438.85
freightbidbench_mild_capacity,08,32,-438.85
freightbidbench_mild_capacity,08,33,-438.85
freightbidbench_mild_capacity,08,34,-438.85
freightbidbench_mild_capacity,08,35,-438.85
freightbidbench_mild_capacity,08,36,-438.85
freightbidbench_mild_capacity,08,37,-438.85
freightbidbench_mild_capacity,08,38,-438.85
freightbidbench_mild_capacity,08,39,-438.85
freightbidbench_mild_capacity,08,40,-438.85
freightbidbench_mild_capacity,08,41,-438.85
freightbidbench_mild_capacity,08,42,-438.85
freightbidbench_mild_capacity,08,43,-438.85
freightbidbench_mild_capacity,08,44,-438.85
freightbidbench_mild_capacity,08,45,-438.85
freightbidbench_mild_capacity,08,46,-438.85
freightbidbench_mild_capacity,08,47,-438.85
freightbidbench_mild_capacity,08,48,-438.85
freightbidbench_mild_capacity,08,49,-438.85
freightbidbench_mild_capacity,08,50,-438.85
freightbidbench_mild_capacity,08,51,-438.85
freightbidbench_mild_capacity,08,52,-438.85
freightbidbench_mild_capacity,08,53,-438.85
freightbidbench_mild_capacity,08,54,-438.85
freightbidbench_mild_capacity,08,55,-438.85
freightbidbench_mild_capacity,08,56,-438.85
freightbidbench_mild_capacity,08,57,-438.85
freightbidbench_mild_capacity,08,58,-438.85
freightbidbench_mild_capacity,08,59,-438.85
freightbidbench_mild_capacity,08,60,-438.85
freightbidbench_mild_capacity,08,61,-438.85
freightbidbench_mild_capacity,08,62,-438.85
freightbidbench_mild_capacity,08,63,-438.85
freightbidbench_mild_capacity,08,64,-438.85
freightbidbench_mild_capacity,08,65,-438.85
freightbidbench_mild_capacity,08,66,-438.85
freightbidbench_mild_capacity,08,67,-438.85
freightbidbench_mild_capacity,08,68,-438.85
freightbidbench_mild_capacity,08,69,-438.85
freightbidbench_mild_capacity,08,70,-438.85
freightbidbench_mild_capacity,08,71,-438.85
freightbidbench_mild_capacity,08,72,-438.85
freightbidbench_mild_capacity,12,0,-600.00
freightbidbench_mild_capacity,12,1,-600.00
freightbidbench_mild_capacity,12,2,-600.00
freightbidbench_mild_capacity,12,3,-600.00
freightbidbench_mild_capacity,12,4,-600.00
freightbidbench_mild_capacity,12,5,-600.00
freightbidbench_mild_capacity,12,6,-600.00
freightbidbench_mild_capacity,12,7,-600.00
freightbidbench_mild_capacity,12,8,-600.00
freightbidbench_mild_capacity,12,9,-600.00
freightbidbench_mild_capacity,12,10,-600.00
freightbidbench_mild_capacity,12,11,-600.00
freightbidbench_mild_capacity,12,12,-600.00
freightbidbench_mild_capacity,12,13,-600.00
freightbidbench_mild_capacity,12,14,-600.00
freightbidbench_mild_capacity,12,15,-600.00
freightbidbench_mild_capacity,12,16,-600.00
freightbidbench_mild_capacity,12,17,-600.00
freightbidbench_mild_capacity,12,18,-600.00
freightbidbench_mild_capacity,12,19,-600.00
freightbidbench_mild_capacity,12,20,-600.00
freightbidbench_mild_capacity,12,21,-600.00
freightbidbench_mild_capacity,12,22,-600.00
freightbidbench_mild_capacity,12,23,-600.00
freightbidbench_mild_capacity,12,24,-600.00
freightbidbench_mild_capacity,12,25,-600.00
freightbidbench_mild_capacity,12,26,-600.00
freightbidbench_mild_capacity,12,27,-600.00
freightbidbench_mild_capacity,12,28,-600.00
freightbidbench_mild_capacity,12,29,-600.00
freightbidbench_mild_capacity,12,30,-600.00
freightbidbench_mild_capacity,12,31,-600.00
freightbidbench_mild_capacity,12,32,-600.00
freightbidbench_mild_capacity,12,33,-600.00
freightbidbench_mild_capacity,12,34,-600.00
freightbidbench_mild_capacity,12,35,-600.00
freightbidbench_mild_capacity,12,36,-600.00
freightbidbench_mild_capacity,12,37,-600.00
freightbidbench_mild_capacity,12,38,-600.00
freightbidbench_mild_capacity,12,39,-600.00
freightbidbench_mild_capacity,12,40,-600.00
freightbidbench_mild_capacity,12,41,-600.00
freightbidbench_mild_capacity,12,42,-600.00
freightbidbench_mild_capacity,12,43,-600.00
freightbidbench_mild_capacity,12,44,-600.00
freightbidbench_mild_capacity,12,45,-600.00
freightbidbench_mild_capacity,12,46,-600.00
freightbidbench_mild_capacity,12,47,-600.00
freightbidbench_mild_capacity,12,48,-600.00
freightbidbench_mild_capacity,12,49,-600.00
freightbidbench_mild_capacity,12,50,-600.00
freightbidbench_mild_capacity,12,51,-600.00
freightbidbench_mild_capacity,12,52,-600.00
freightbidbench_mild_capacity,12,53,-600.00
freightbidbench_mild_capacity,12,54,-600.00
freightbidbench_mild_capacity,12,55,-600.00
freightbidbench_mild_capacity,12,56,-600.00
freightbidbench_mild_capacity,12,57,-600.00
freightbidbench_mild_capacity,12,58,-600.00
freightbidbench_mild_capacity,12,59,-600.00
freightbidbench_mild_capacity,12,60,-600.00
freightbidbench_mild_capacity,12,61,-600.00
freightbidbench_mild_capacity,12,62,-600.00
freightbidbench_mild_capacity,12,63,-600.00
freightbidbench_mild_capacity,12,64,-600.00
freightbidbench_mild_capacity,12,65,-600.00
freightbidbench_mild_capacity,12,66,-600.00
freightbidbench_mild_capacity,12,67,-600.00
freightbidbench_mild_capacity,12,68,-600.00
freightbidbench_mild_capacity,12,69,-600.00
freightbidbench_mild_capacity,12,70,-600.00
freightbidbench_mild_capacity,12,71,-600.00
freightbidbench_mild_capacity,12,72,-600.00
freightbidbench_mild_capacity,13,0,23597.04
freightbidbench_mild_capacity,13,1,23460.89
freightbidbench_mild_capacity,13,2,22970.46
freightbidbench_mild_capacity,13,3,22970.46
freightbidbench_mild_capacity,13,4,22970.46
freightbidbench_mild_capacity,13,5,22970.46
freightbidbench_mild_capacity,13,6,22422.47
freightbidbench_mild_capacity,13,7,22422.47
freightbidbench_mild_capacity,13,8,21979.65
freightbidbench_mild_capacity,13,9,21547.61
freightbidbench_mild_capacity,13,10,21499.93
freightbidbench_mild_capacity,13,11,20829.93
freightbidbench_mild_capacity,13,12,20644.54
freightbidbench_mild_capacity,13,13,20644.54
freightbidbench_mild_capacity,13,14,19742.41
freightbidbench_mild_capacity,13,15,19742.41
freightbidbench_mild_capacity,13,16,18219.28
freightbidbench_mild_capacity,13,17,18219.28
freightbidbench_mild_capacity,13,18,18219.28
freightbidbench_mild_capacity,13,19,17645.20
freightbidbench_mild_capacity,13,20,17567.13
freightbidbench_mild_capacity,13,21,17567.13
freightbidbench_mild_capacity,13,22,17021.87
freightbidbench_mild_capacity,13,23,15512.82
freightbidbench_mild_capacity,13,24,15464.33
freightbidbench_mild_capacity,13,25,15464.33
freightbidbench_mild_capacity,13,26,15345.43
freightbidbench_mild_capacity,13,27,15231.20
freightbidbench_mild_capacity,13,28,15231.20
freightbidbench_mild_capacity,13,29,15054.23
freightbidbench_mild_capacity,13,30,14504.24
freightbidbench_mild_capacity,13,31,13201.02
freightbidbench_mild_capacity,13,32,12915.07
freightbidbench_mild_capacity,13,33,12915.07
freightbidbench_mild_capacity,13,34,12701.55
freightbidbench_mild_capacity,13,35,12701.55
freightbidbench_mild_capacity,13,36,12426.96
freightbidbench_mild_capacity,13,37,12258.20
freightbidbench_mild_capacity,13,38,10898.65
freightbidbench_mild_capacity,13,39,10898.65
freightbidbench_mild_capacity,13,40,10177.47
freightbidbench_mild_capacity,13,41,9781.52
freightbidbench_mild_capacity,13,42,9781.52
freightbidbench_mild_capacity,13,43,9781.52
freightbidbench_mild_capacity,13,44,9291.78
freightbidbench_mild_capacity,13,45,9291.78
freightbidbench_mild_capacity,13,46,9291.78
freightbidbench_mild_capacity,13,47,8668.85
freightbidbench_mild_capacity,13,48,8668.85
freightbidbench_mild_capacity,13,49,7695.28
freightbidbench_mild_capacity,13,50,7547.87
freightbidbench_mild_capacity,13,51,7547.87
freightbidbench_mild_capacity,13,52,7411.36
freightbidbench_mild_capacity,13,53,6812.03
freightbidbench_mild_capacity,13,54,6812.03
freightbidbench_mild_capacity,13,55,6812.03
freightbidbench_mild_capacity,13,56,6812.03
freightbidbench_mild_capacity,13,57,6812.03
freightbidbench_mild_capacity,13,58,5072.00
freightbidbench_mild_capacity,13,59,4849.22
freightbidbench_mild_capacity,13,60,4849.22
freightbidbench_mild_capacity,13,61,4849.22
freightbidbench_mild_capacity,13,62,4849.22
freightbidbench_mild_capacity,13,63,4849.22
freightbidbench_mild_capacity,13,64,2199.05
freightbidbench_mild_capacity,13,65,2199.05
freightbidbench_mild_capacity,13,66,2001.75
freightbidbench_mild_capacity,13,67,2001.75
freightbidbench_mild_capacity,13,68,2001.75
freightbidbench_mild_capacity,13,69,1189.45
freightbidbench_mild_capacity,13,70,1189.45
freightbidbench_mild_capacity,13,71,1189.45
freightbidbench_mild_capacity,13,72,-297.62
freightbidbench_mild_capacity,17,0,-353.45
freightbidbench_mild_capacity,17,1,-353.45
freightbidbench_mild_capacity,17,2,-353.45
freightbidbench_mild_capacity,17,3,-353.45
freightbidbench_mild_capacity,17,4,-353.45
freightbidbench_mild_capacity,17,5,-353.45
freightbidbench_mild_capacity,17,6,-353.45
freightbidbench_mild_capacity,17,7,-353.45
freightbidbench_mild_capacity,17,8,-353.45
freightbidbench_mild_capacity,17,9,-353.45
freightbidbench_mild_capacity,17,10,-353.45
freightbidbench_mild_capacity,17,11,-353.45
freightbidbench_mild_capacity,17,12,-353.45
freightbidbench_mild_capacity,17,13,-353.45
freightbidbench_mild_capacity,17,14,-353.45
freightbidbench_mild_capacity,17,15,-353.45
freightbidbench_mild_capacity,17,16,-353.45
freightbidbench_mild_capacity,17,17,-353.45
freightbidbench_mild_capacity,17,18,-353.45
freightbidbench_mild_capacity,17,19,-353.45
freightbidbench_mild_capacity,17,20,-353.45
freightbidbench_mild_capacity,17,21,-353.45
freightbidbench_mild_capacity,17,22,-353.45
freightbidbench_mild_capacity,17,23,-353.45
freightbidbench_mild_capacity,17,24,-353.45
freightbidbench_mild_capacity,17,25,-353.45
freightbidbench_mild_capacity,17,26,-353.45
freightbidbench_mild_capacity,17,27,-353.45
freightbidbench_mild_capacity,17,28,-353.45
freightbidbench_mild_capacity,17,29,-353.45
freightbidbench_mild_capacity,17,30,-353.45
freightbidbench_mild_capacity,17,31,-353.45
freightbidbench_mild_capacity,17,32,-353.45
freightbidbench_mild_capacity,17,33,-353.45
freightbidbench_mild_capacity,17,34,-353.45
freightbidbench_mild_capacity,17,35,-353.45
freightbidbench_mild_capacity,17,36,-353.45
freightbidbench_mild_capacity,17,37,-353.45
freightbidbench_mild_capacity,17,38,-353.45
freightbidbench_mild_capacity,17,39,-353.45
freightbidbench_mild_capacity,17,40,-353.45
freightbidbench_mild_capacity,17,41,-353.45
freightbidbench_mild_capacity,17,42,-353.45
freightbidbench_mild_capacity,17,43,-353.45
freightbidbench_mild_capacity,17,44,-353.45
freightbidbench_mild_capacity,17,45,-353.45
freightbidbench_mild_capacity,17,46,-353.45
freightbidbench_mild_capacity,17,47,-353.45
freightbidbench_mild_capacity,17,48,-353.45
freightbidbench_mild_capacity,17,49,-353.45
freightbidbench_mild_capacity,17,50,-353.45
freightbidbench_mild_capacity,17,51,-353.45
freightbidbench_mild_capacity,17,52,-353.45
freightbidbench_mild_capacity,17,53,-353.45
freightbidbench_mild_capacity,17,54,-353.45
freightbidbench_mild_capacity,17,55,-353.45
freightbidbench_mild_capacity,17,56,-353.45
freightbidbench_mild_capacity,17,57,-353.45
freightbidbench_mild_capacity,17,58,-353.45
freightbidbench_mild_capacity,17,59,-353.45
freightbidbench_mild_capacity,17,60,-353.45
freightbidbench_mild_capacity,17,61,-353.45
freightbidbench_mild_capacity,17,62,-353.45
freightbidbench_mild_capacity,17,63,-353.45
freightbidbench_mild_capacity,17,64,-353.45
freightbidbench_mild_capacity,17,65,-353.45
freightbidbench_mild_capacity,17,66,-353.45
freightbidbench_mild_capacity,17,67,-353.45
freightbidbench_mild_capacity,17,68,-353.45
freightbidbench_mild_capacity,17,69,-353.45
freightbidbench_mild_capacity,17,70,-353.45
freightbidbench_mild_capacity,17,71,-353.45
freightbidbench_mild_capacity,17,72,-353.45
freightbidbench_mild_capacity,24,0,-390.92
freightbidbench_mild_capacity,24,1,-390.92
freightbidbench_mild_capacity,24,2,-390.92
freightbidbench_mild_capacity,24,3,-390.92
freightbidbench_mild_capacity,24,4,-390.92
freightbidbench_mild_capacity,24,5,-390.92
freightbidbench_mild_capacity,24,6,-390.92
freightbidbench_mild_capacity,24,7,-390.92
freightbidbench_mild_capacity,24,8,-390.92
freightbidbench_mild_capacity,24,9,-390.92
freightbidbench_mild_capacity,24,10,-390.92
freightbidbench_mild_capacity,24,11,-390.92
freightbidbench_mild_capacity,24,12,-390.92
freightbidbench_mild_capacity,24,13,-390.92
freightbidbench_mild_capacity,24,14,-390.92
freightbidbench_mild_capacity,24,15,-390.92
freightbidbench_mild_capacity,24,16,-390.92
freightbidbench_mild_capacity,24,17,-390.92
freightbidbench_mild_capacity,24,18,-390.92
freightbidbench_mild_capacity,24,19,-390.92
freightbidbench_mild_capacity,24,20,-390.92
freightbidbench_mild_capacity,24,21,-390.92
freightbidbench_mild_capacity,24,22,-390.92
freightbidbench_mild_capacity,24,23,-390.92
freightbidbench_mild_capacity,24,24,-390.92
freightbidbench_mild_capacity,24,25,-390.92
freightbidbench_mild_capacity,24,26,-390.92
freightbidbench_mild_capacity,24,27,-390.92
freightbidbench_mild_capacity,24,28,-390.92
freightbidbench_mild_capacity,24,29,-390.92
freightbidbench_mild_capacity,24,30,-390.92
freightbidbench_mild_capacity,24,31,-390.92
freightbidbench_mild_capacity,24,32,-390.92
freightbidbench_mild_capacity,24,33,-390.92
freightbidbench_mild_capacity,24,34,-390.92
freightbidbench_mild_capacity,24,35,-390.92
freightbidbench_mild_capacity,24,36,-390.92
freightbidbench_mild_capacity,24,37,-390.92
freightbidbench_mild_capacity,24,38,-390.92
freightbidbench_mild_capacity,24,39,-390.92
freightbidbench_mild_capacity,24,40,-390.92
freightbidbench_mild_capacity,24,41,-390.92
freightbidbench_mild_capacity,24,42,-390.92
freightbidbench_mild_capacity,24,43,-390.92
freightbidbench_mild_capacity,24,44,-390.92
freightbidbench_mild_capacity,24,45,-390.92
freightbidbench_mild_capacity,24,46,-390.92
freightbidbench_mild_capacity,24,47,-390.92
freightbidbench_mild_capacity,24,48,-390.92
freightbidbench_mild_capacity,24,49,-390.92
freightbidbench_mild_capacity,24,50,-390.92
freightbidbench_mild_capacity,24,51,-390.92
freightbidbench_mild_capacity,24,52,-390.92
freightbidbench_mild_capacity,24,53,-390.92
freightbidbench_mild_capacity,24,54,-390.92
freightbidbench_mild_capacity,24,55,-390.92
freightbidbench_mild_capacity,24,56,-390.92
freightbidbench_mild_capacity,24,57,-390.92
freightbidbench_mild_capacity,24,58,-390.92
freightbidbench_mild_capacity,24,59,-390.92
freightbidbench_mild_capacity,24,60,-390.92
freightbidbench_mild_capacity,24,61,-390.92
freightbidbench_mild_capacity,24,62,-390.92
freightbidbench_mild_capacity,24,63,-390.92
freightbidbench_mild_capacity,24,64,-390.92
freightbidbench_mild_capacity,24,65,-390.92
freightbidbench_mild_capacity,24,66,-390.92
freightbidbench_mild_capacity,24,67,-390.92
freightbidbench_mild_capacity,24,68,-390.92
freightbidbench_mild_capacity,24,69,-390.92
freightbidbench_mild_capacity,24,70,-390.92
freightbidbench_mild_capacity,24,71,-390.92
freightbidbench_mild_capacity,24,72,-390.92
freightbidbench_mild_capacity,25,0,-384.05
freightbidbench_mild_capacity,25,1,-384.05
freightbidbench_mild_capacity,25,2,-384.05
freightbidbench_mild_capacity,25,3,-384.05
freightbidbench_mild_capacity,25,4,-384.05
freightbidbench_mild_capacity,25,5,-384.05
freightbidbench_mild_capacity,25,6,-384.05
freightbidbench_mild_capacity,25,7,-384.05
freightbidbench_mild_capacity,25,8,-384.05
freightbidbench_mild_capacity,25,9,-384.05
freightbidbench_mild_capacity,25,10,-384.05
freightbidbench_mild_capacity,25,11,-384.05
freightbidbench_mild_capacity,25,12,-384.05
freightbidbench_mild_capacity,25,13,-384.05
freightbidbench_mild_capacity,25,14,-384.05
freightbidbench_mild_capacity,25,15,-384.05
freightbidbench_mild_capacity,25,16,-384.05
freightbidbench_mild_capacity,25,17,-384.05
freightbidbench_mild_capacity,25,18,-384.05
freightbidbench_mild_capacity,25,19,-384.05
freightbidbench_mild_capacity,25,20,-384.05
freightbidbench_mild_capacity,25,21,-384.05
freightbidbench_mild_capacity,25,22,-384.05
freightbidbench_mild_capacity,25,23,-384.05
freightbidbench_mild_capacity,25,24,-384.05
freightbidbench_mild_capacity,25,25,-384.05
freightbidbench_mild_capacity,25,26,-384.05
freightbidbench_mild_capacity,25,27,-384.05
freightbidbench_mild_capacity,25,28,-384.05
freightbidbench_mild_capacity,25,29,-384.05
freightbidbench_mild_capacity,25,30,-384.05
freightbidbench_mild_capacity,25,31,-384.05
freightbidbench_mild_capacity,25,32,-384.05
freightbidbench_mild_capacity,25,33,-384.05
freightbidbench_mild_capacity,25,34,-384.05
freightbidbench_mild_capacity,25,35,-384.05
freightbidbench_mild_capacity,25,36,-384.05
freightbidbench_mild_capacity,25,37,-384.05
freightbidbench_mild_capacity,25,38,-384.05
freightbidbench_mild_capacity,25,39,-384.05
freightbidbench_mild_capacity,25,40,-384.05
freightbidbench_mild_capacity,25,41,-384.05
freightbidbench_mild_capacity,25,42,-384.05
freightbidbench_mild_capacity,25,43,-384.05
freightbidbench_mild_capacity,25,44,-384.05
freightbidbench_mild_capacity,25,45,-384.05
freightbidbench_mild_capacity,25,46,-384.05
freightbidbench_mild_capacity,25,47,-384.05
freightbidbench_mild_capacity,25,48,-384.05
freightbidbench_mild_capacity,25,49,-384.05
freightbidbench_mild_capacity,25,50,-384.05
freightbidbench_mild_capacity,25,51,-384.05
freightbidbench_mild_capacity,25,52,-384.05
freightbidbench_mild_capacity,25,53,-384.05
freightbidbench_mild_capacity,25,54,-384.05
freightbidbench_mild_capacity,25,55,-384.05
freightbidbench_mild_capacity,25,56,-384.05
freightbidbench_mild_capacity,25,57,-384.05
freightbidbench_mild_capacity,25,58,-384.05
freightbidbench_mild_capacity,25,59,-384.05
freightbidbench_mild_capacity,25,60,-384.05
freightbidbench_mild_capacity,25,61,-384.05
freightbidbench_mild_capacity,25,62,-384.05
freightbidbench_mild_capacity,25,63,-384.05
freightbidbench_mild_capacity,25,64,-384.05
freightbidbench_mild_capacity,25,65,-384.05
freightbidbench_mild_capacity,25,66,-384.05
freightbidbench_mild_capacity,25,67,-384.05
freightbidbench_mild_capacity,25,68,-384.05
freightbidbench_mild_capacity,25,69,-384.05
freightbidbench_mild_capacity,25,70,-384.05
freightbidbench_mild_capacity,25,71,-384.05
freightbidbench_mild_capacity,25,72,-384.05
freightbidbench_mild_capacity,36,0,-480.24
freightbidbench_mild_capacity,36,1,-480.24
freightbidbench_mild_capacity,36,2,-480.24
freightbidbench_mild_capacity,36,3,-480.24
freightbidbench_mild_capacity,36,4,-480.24
freightbidbench_mild_capacity,36,5,-480.24
freightbidbench_mild_capacity,36,6,-480.24
freightbidbench_mild_capacity,36,7,-480.24
freightbidbench_mild_capacity,36,8,-480.24
freightbidbench_mild_capacity,36,9,-480.24
freightbidbench_mild_capacity,36,10,-480.24
freightbidbench_mild_capacity,36,11,-480.24
freightbidbench_mild_capacity,36,12,-480.24
freightbidbench_mild_capacity,36,13,-480.24
freightbidbench_mild_capacity,36,14,-480.24
freightbidbench_mild_capacity,36,15,-480.24
freightbidbench_mild_capacity,36,16,-480.24
freightbidbench_mild_capacity,36,17,-480.24
freightbidbench_mild_capacity,36,18,-480.24
freightbidbench_mild_capacity,36,19,-480.24
freightbidbench_mild_capacity,36,20,-480.24
freightbidbench_mild_capacity,36,21,-480.24
freightbidbench_mild_capacity,36,22,-480.24
freightbidbench_mild_capacity,36,23,-480.24
freightbidbench_mild_capacity,36,24,-480.24
freightbidbench_mild_capacity,36,25,-480.24
freightbidbench_mild_capacity,36,26,-480.24
freightbidbench_mild_capacity,36,27,-480.24
freightbidbench_mild_capacity,36,28,-480.24
freightbidbench_mild_capacity,36,29,-480.24
freightbidbench_mild_capacity,36,30,-480.24
freightbidbench_mild_capacity,36,31,-480.24
freightbidbench_mild_capacity,36,32,-480.24
freightbidbench_mild_capacity,36,33,-480.24
freightbidbench_mild_capacity,36,34,-480.24
freightbidbench_mild_capacity,36,35,-480.24
freightbidbench_mild_capacity,36,36,-480.24
freightbidbench_mild_capacity,36,37,-480.24
freightbidbench_mild_capacity,36,38,-480.24
freightbidbench_mild_capacity,36,39,-480.24
freightbidbench_mild_capacity,36,40,-480.24
freightbidbench_mild_capacity,36,41,-480.24
freightbidbench_mild_capacity,36,42,-480.24
freightbidbench_mild_capacity,36,43,-480.24
freightbidbench_mild_capacity,36,44,-480.24
freightbidbench_mild_capacity,36,45,-480.24
freightbidbench_mild_capacity,36,46,-480.24
freightbidbench_mild_capacity,36,47,-480.24
freightbidbench_mild_capacity,36,48,-480.24
freightbidbench_mild_capacity,36,49,-480.24
freightbidbench_mild_capacity,36,50,-480.24
freightbidbench_mild_capacity,36,51,-480.24
freightbidbench_mild_capacity,36,52,-480.24
freightbidbench_mild_capacity,36,53,-480.24
freightbidbench_mild_capacity,36,54,-480.24
freightbidbench_mild_capacity,36,55,-480.24
freightbidbench_mild_capacity,36,56,-480.24
freightbidbench_mild_capacity,36,57,-480.24
freightbidbench_mild_capacity,36,58,-480.24
freightbidbench_mild_capacity,36,59,-480.24
freightbidbench_mild_capacity,36,60,-480.24
freightbidbench_mild_capacity,36,61,-480.24
freightbidbench_mild_capacity,36,62,-480.24
freightbidbench_mild_capacity,36,63,-480.24
freightbidbench_mild_capacity,36,64,-480.24
freightbidbench_mild_capacity,36,65,-480.24
freightbidbench_mild_capacity,36,66,-480.24
freightbidbench_mild_capacity,36,67,-480.24
freightbidbench_mild_capacity,36,68,-480.24
freightbidbench_mild_capacity,36,69,-480.24
freightbidbench_mild_capacity,36,70,-480.24
freightbidbench_mild_capacity,36,71,-480.24
freightbidbench_mild_capacity,36,72,-480.24
freightbidbench_mild_capacity,42,0,-407.32
freightbidbench_mild_capacity,42,1,-407.32
freightbidbench_mild_capacity,42,2,-407.32
freightbidbench_mild_capacity,42,3,-407.32
freightbidbench_mild_capacity,42,4,-407.32
freightbidbench_mild_capacity,42,5,-407.32
freightbidbench_mild_capacity,42,6,-407.32
freightbidbench_mild_capacity,42,7,-407.32
freightbidbench_mild_capacity,42,8,-407.32
freightbidbench_mild_capacity,42,9,-407.32
freightbidbench_mild_capacity,42,10,-407.32
freightbidbench_mild_capacity,42,11,-407.32
freightbidbench_mild_capacity,42,12,-407.32
freightbidbench_mild_capacity,42,13,-407.32
freightbidbench_mild_capacity,42,14,-407.32
freightbidbench_mild_capacity,42,15,-407.32
freightbidbench_mild_capacity,42,16,-407.32
freightbidbench_mild_capacity,42,17,-407.32
freightbidbench_mild_capacity,42,18,-407.32
freightbidbench_mild_capacity,42,19,-407.32
freightbidbench_mild_capacity,42,20,-407.32
freightbidbench_mild_capacity,42,21,-407.32
freightbidbench_mild_capacity,42,22,-407.32
freightbidbench_mild_capacity,42,23,-407.32
freightbidbench_mild_capacity,42,24,-407.32
freightbidbench_mild_capacity,42,25,-407.32
freightbidbench_mild_capacity,42,26,-407.32
freightbidbench_mild_capacity,42,27,-407.32
freightbidbench_mild_capacity,42,28,-407.32
freightbidbench_mild_capacity,42,29,-407.32
freightbidbench_mild_capacity,42,30,-407.32
freightbidbench_mild_capacity,42,31,-407.32
freightbidbench_mild_capacity,42,32,-407.32
freightbidbench_mild_capacity,42,33,-407.32
freightbidbench_mild_capacity,42,34,-407.32
freightbidbench_mild_capacity,42,35,-407.32
freightbidbench_mild_capacity,42,36,-407.32
freightbidbench_mild_capacity,42,37,-407.32
freightbidbench_mild_capacity,42,38,-407.32
freightbidbench_mild_capacity,42,39,-407.32
freightbidbench_mild_capacity,42,40,-407.32
freightbidbench_mild_capacity,42,41,-407.32
freightbidbench_mild_capacity,42,42,-407.32
freightbidbench_mild_capacity,42,43,-407.32
freightbidbench_mild_capacity,42,44,-407.32
freightbidbench_mild_capacity,42,45,-407.32
freightbidbench_mild_capacity,42,46,-407.32
freightbidbench_mild_capacity,42,47,-407.32
freightbidbench_mild_capacity,42,48,-407.32
freightbidbench_mild_capacity,42,49,-407.32
freightbidbench_mild_capacity,42,50,-407.32
freightbidbench_mild_capacity,42,51,-407.32
freightbidbench_mild_capacity,42,52,-407.32
freightbidbench_mild_capacity,42,53,-407.32
freightbidbench_mild_capacity,42,54,-407.32
freightbidbench_mild_capacity,42,55,-407.32
freightbidbench_mild_capacity,42,56,-407.32
freightbidbench_mild_capacity,42,57,-407.32
freightbidbench_mild_capacity,42,58,-407.32
freightbidbench_mild_capacity,42,59,-407.32
freightbidbench_mild_capacity,42,60,-407.32
freightbidbench_mild_capacity,42,61,-407.32
freightbidbench_mild_capacity,42,62,-407.32
freightbidbench_mild_capacity,42,63,-407.32
freightbidbench_mild_capacity,42,64,-407.32
freightbidbench_mild_capacity,42,65,-407.32
freightbidbench_mild_capacity,42,66,-407.32
freightbidbench_mild_capacity,42,67,-407.32
freightbidbench_mild_capacity,42,68,-407.32
freightbidbench_mild_capacity,42,69,-407.32
freightbidbench_mild_capacity,42,70,-407.32
freightbidbench_mild_capacity,42,71,-407.32
freightbidbench_mild_capacity,42,72,-407.32
freightbidbench_mild_capacity,48,0,20976.57
freightbidbench_mild_capacity,48,1,20976.57
freightbidbench_mild_capacity,48,2,20908.31
freightbidbench_mild_capacity,48,3,20908.31
freightbidbench_mild_capacity,48,4,20531.74
freightbidbench_mild_capacity,48,5,20531.74
freightbidbench_mild_capacity,48,6,20161.12
freightbidbench_mild_capacity,48,7,19366.50
freightbidbench_mild_capacity,48,8,19366.50
freightbidbench_mild_capacity,48,9,19129.67
freightbidbench_mild_capacity,48,10,18904.54
freightbidbench_mild_capacity,48,11,18904.54
freightbidbench_mild_capacity,48,12,18680.52
freightbidbench_mild_capacity,48,13,18224.06
freightbidbench_mild_capacity,48,14,18224.06
freightbidbench_mild_capacity,48,15,17829.63
freightbidbench_mild_capacity,48,16,17451.61
freightbidbench_mild_capacity,48,17,17302.87
freightbidbench_mild_capacity,48,18,16749.62
freightbidbench_mild_capacity,48,19,15538.77
freightbidbench_mild_capacity,48,20,15509.84
freightbidbench_mild_capacity,48,21,15509.84
freightbidbench_mild_capacity,48,22,15474.37
freightbidbench_mild_capacity,48,23,15474.37
freightbidbench_mild_capacity,48,24,15295.98
freightbidbench_mild_capacity,48,25,15295.98
freightbidbench_mild_capacity,48,26,14059.46
freightbidbench_mild_capacity,48,27,14059.46
freightbidbench_mild_capacity,48,28,13712.78
freightbidbench_mild_capacity,48,29,13440.06
freightbidbench_mild_capacity,48,30,13252.02
freightbidbench_mild_capacity,48,31,13252.02
freightbidbench_mild_capacity,48,32,12523.48
freightbidbench_mild_capacity,48,33,12098.15
freightbidbench_mild_capacity,48,34,12070.92
freightbidbench_mild_capacity,48,35,11739.27
freightbidbench_mild_capacity,48,36,11678.22
freightbidbench_mild_capacity,48,37,11678.22
freightbidbench_mild_capacity,48,38,11678.22
freightbidbench_mild_capacity,48,39,10867.09
freightbidbench_mild_capacity,48,40,10575.94
freightbidbench_mild_capacity,48,41,10143.38
freightbidbench_mild_capacity,48,42,9547.06
freightbidbench_mild_capacity,48,43,9069.61
freightbidbench_mild_capacity,48,44,9069.61
freightbidbench_mild_capacity,48,45,9069.61
freightbidbench_mild_capacity,48,46,9069.61
freightbidbench_mild_capacity,48,47,8933.93
freightbidbench_mild_capacity,48,48,8521.71
freightbidbench_mild_capacity,48,49,8289.45
freightbidbench_mild_capacity,48,50,7920.10
freightbidbench_mild_capacity,48,51,7920.10
freightbidbench_mild_capacity,48,52,7358.57
freightbidbench_mild_capacity,48,53,6888.18
freightbidbench_mild_capacity,48,54,6877.42
freightbidbench_mild_capacity,48,55,6637.08
freightbidbench_mild_capacity,48,56,6174.05
freightbidbench_mild_capacity,48,57,6174.05
freightbidbench_mild_capacity,48,58,5749.54
freightbidbench_mild_capacity,48,59,5711.55
freightbidbench_mild_capacity,48,60,5711.55
freightbidbench_mild_capacity,48,61,4663.39
freightbidbench_mild_capacity,48,62,4663.39
freightbidbench_mild_capacity,48,63,4663.39
freightbidbench_mild_capacity,48,64,3881.63
freightbidbench_mild_capacity,48,65,2798.42
freightbidbench_mild_capacity,48,66,2798.42
freightbidbench_mild_capacity,48,67,2798.42
freightbidbench_mild_capacity,48,68,2798.42
freightbidbench_mild_capacity,48,69,2798.42
freightbidbench_mild_capacity,48,70,2798.42
freightbidbench_mild_capacity,48,71,2488.67
freightbidbench_mild_capacity,48,72,554.27
freightbidbench_mild_capacity,53,0,-455.81
freightbidbench_mild_capacity,53,1,-455.81
freightbidbench_mild_capacity,53,2,-455.81
freightbidbench_mild_capacity,53,3,-455.81
freightbidbench_mild_capacity,53,4,-455.81
freightbidbench_mild_capacity,53,5,-455.81
freightbidbench_mild_capacity,53,6,-455.81
freightbidbench_mild_capacity,53,7,-455.81
freightbidbench_mild_capacity,53,8,-455.81
freightbidbench_mild_capacity,53,9,-455.81
freightbidbench_mild_capacity,53,10,-455.81
freightbidbench_mild_capacity,53,11,-455.81
freightbidbench_mild_capacity,53,12,-455.81
freightbidbench_mild_capacity,53,13,-455.81
freightbidbench_mild_capacity,53,14,-455.81
freightbidbench_mild_capacity,53,15,-455.81
freightbidbench_mild_capacity,53,16,-455.81
freightbidbench_mild_capacity,53,17,-455.81
freightbidbench_mild_capacity,53,18,-455.81
freightbidbench_mild_capacity,53,19,-455.81
freightbidbench_mild_capacity,53,20,-455.81
freightbidbench_mild_capacity,53,21,-455.81
freightbidbench_mild_capacity,53,22,-455.81
freightbidbench_mild_capacity,53,23,-455.81
freightbidbench_mild_capacity,53,24,-455.81
freightbidbench_mild_capacity,53,25,-455.81
freightbidbench_mild_capacity,53,26,-455.81
freightbidbench_mild_capacity,53,27,-455.81
freightbidbench_mild_capacity,53,28,-455.81
freightbidbench_mild_capacity,53,29,-455.81
freightbidbench_mild_capacity,53,30,-455.81
freightbidbench_mild_capacity,53,31,-455.81
freightbidbench_mild_capacity,53,32,-455.81
freightbidbench_mild_capacity,53,33,-455.81
freightbidbench_mild_capacity,53,34,-455.81
freightbidbench_mild_capacity,53,35,-455.81
freightbidbench_mild_capacity,53,36,-455.81
freightbidbench_mild_capacity,53,37,-455.81
freightbidbench_mild_capacity,53,38,-455.81
freightbidbench_mild_capacity,53,39,-455.81
freightbidbench_mild_capacity,53,40,-455.81
freightbidbench_mild_capacity,53,41,-455.81
freightbidbench_mild_capacity,53,42,-455.81
freightbidbench_mild_capacity,53,43,-455.81
freightbidbench_mild_capacity,53,44,-455.81
freightbidbench_mild_capacity,53,45,-455.81
freightbidbench_mild_capacity,53,46,-455.81
freightbidbench_mild_capacity,53,47,-455.81
freightbidbench_mild_capacity,53,48,-455.81
freightbidbench_mild_capacity,53,49,-455.81
freightbidbench_mild_capacity,53,50,-455.81
freightbidbench_mild_capacity,53,51,-455.81
freightbidbench_mild_capacity,53,52,-455.81
freightbidbench_mild_capacity,53,53,-455.81
freightbidbench_mild_capacity,53,54,-455.81
freightbidbench_mild_capacity,53,55,-455.81
freightbidbench_mild_capacity,53,56,-455.81
freightbidbench_mild_capacity,53,57,-455.81
freightbidbench_mild_capacity,53,58,-455.81
freightbidbench_mild_capacity,53,59,-455.81
freightbidbench_mild_capacity,53,60,-455.81
freightbidbench_mild_capacity,53,61,-455.81
freightbidbench_mild_capacity,53,62,-455.81
freightbidbench_mild_capacity,53,63,-455.81
freightbidbench_mild_capacity,53,64,-471.40
freightbidbench_mild_capacity,53,65,-471.40
freightbidbench_mild_capacity,53,66,-471.40
freightbidbench_mild_capacity,53,67,-471.40
freightbidbench_mild_capacity,53,68,-471.40
freightbidbench_mild_capacity,53,69,-471.40
freightbidbench_mild_capacity,53,70,-471.40
freightbidbench_mild_capacity,53,71,-471.40
freightbidbench_mild_capacity,53,72,-471.40
freightbidbench_tight_capacity,04,0,6693.67
freightbidbench_tight_capacity,04,1,6693.67
freightbidbench_tight_capacity,04,2,6693.67
freightbidbench_tight_capacity,04,3,6693.67
freightbidbench_tight_capacity,04,4,6693.67
freightbidbench_tight_capacity,04,5,6693.67
freightbidbench_tight_capacity,04,6,6693.67
freightbidbench_tight_capacity,04,7,6693.67
freightbidbench_tight_capacity,04,8,6693.67
freightbidbench_tight_capacity,04,9,6693.67
freightbidbench_tight_capacity,04,10,6693.67
freightbidbench_tight_capacity,04,11,6693.67
freightbidbench_tight_capacity,04,12,6693.67
freightbidbench_tight_capacity,04,13,6693.67
freightbidbench_tight_capacity,04,14,6693.67
freightbidbench_tight_capacity,04,15,6693.67
freightbidbench_tight_capacity,04,16,6693.67
freightbidbench_tight_capacity,04,17,6693.67
freightbidbench_tight_capacity,04,18,6693.67
freightbidbench_tight_capacity,04,19,6693.67
freightbidbench_tight_capacity,04,20,6693.67
freightbidbench_tight_capacity,04,21,6693.67
freightbidbench_tight_capacity,04,22,6693.67
freightbidbench_tight_capacity,04,23,6693.67
freightbidbench_tight_capacity,04,24,6693.67
freightbidbench_tight_capacity,04,25,6693.67
freightbidbench_tight_capacity,04,26,6693.67
freightbidbench_tight_capacity,04,27,6693.67
freightbidbench_tight_capacity,04,28,6693.67
freightbidbench_tight_capacity,04,29,993.81
freightbidbench_tight_capacity,04,30,993.81
freightbidbench_tight_capacity,04,31,993.81
freightbidbench_tight_capacity,04,32,993.81
freightbidbench_tight_capacity,04,33,993.81
freightbidbench_tight_capacity,04,34,993.81
freightbidbench_tight_capacity,04,35,993.81
freightbidbench_tight_capacity,04,36,993.81
freightbidbench_tight_capacity,04,37,993.81
freightbidbench_tight_capacity,04,38,993.81
freightbidbench_tight_capacity,04,39,993.81
freightbidbench_tight_capacity,04,40,993.81
freightbidbench_tight_capacity,04,41,993.81
freightbidbench_tight_capacity,04,42,993.81
freightbidbench_tight_capacity,04,43,993.81
freightbidbench_tight_capacity,04,44,993.81
freightbidbench_tight_capacity,04,45,993.81
freightbidbench_tight_capacity,04,46,993.81
freightbidbench_tight_capacity,04,47,993.81
freightbidbench_tight_capacity,04,48,993.81
freightbidbench_tight_capacity,04,49,993.81
freightbidbench_tight_capacity,04,50,993.81
freightbidbench_tight_capacity,04,51,993.81
freightbidbench_tight_capacity,04,52,993.81
freightbidbench_tight_capacity,04,53,993.81
freightbidbench_tight_capacity,04,54,993.81
freightbidbench_tight_capacity,04,55,993.81
freightbidbench_tight_capacity,04,56,993.81
freightbidbench_tight_capacity,04,57,993.81
freightbidbench_tight_capacity,04,58,993.81
freightbidbench_tight_capacity,04,59,993.81
freightbidbench_tight_capacity,04,60,993.81
freightbidbench_tight_capacity,04,61,993.81
freightbidbench_tight_capacity,04,62,993.81
freightbidbench_tight_capacity,04,63,-546.21
freightbidbench_tight_capacity,04,64,-546.21
freightbidbench_tight_capacity,04,65,-546.21
freightbidbench_tight_capacity,04,66,-546.21
freightbidbench_tight_capacity,04,67,-546.21
freightbidbench_tight_capacity,04,68,-546.21
freightbidbench_tight_capacity,04,69,-546.21
freightbidbench_tight_capacity,04,70,-546.21
freightbidbench_tight_capacity,04,71,-546.21
freightbidbench_tight_capacity,04,72,-546.21
freightbidbench_tight_capacity,06,0,589.42
freightbidbench_tight_capacity,06,1,589.42
freightbidbench_tight_capacity,06,2,589.42
freightbidbench_tight_capacity,06,3,589.42
freightbidbench_tight_capacity,06,4,589.42
freightbidbench_tight_capacity,06,5,589.42
freightbidbench_tight_capacity,06,6,589.42
freightbidbench_tight_capacity,06,7,589.42
freightbidbench_tight_capacity,06,8,589.42
freightbidbench_tight_capacity,06,9,589.42
freightbidbench_tight_capacity,06,10,589.42
freightbidbench_tight_capacity,06,11,589.42
freightbidbench_tight_capacity,06,12,589.42
freightbidbench_tight_capacity,06,13,589.42
freightbidbench_tight_capacity,06,14,589.42
freightbidbench_tight_capacity,06,15,589.42
freightbidbench_tight_capacity,06,16,589.42
freightbidbench_tight_capacity,06,17,589.42
freightbidbench_tight_capacity,06,18,589.42
freightbidbench_tight_capacity,06,19,589.42
freightbidbench_tight_capacity,06,20,589.42
freightbidbench_tight_capacity,06,21,589.42
freightbidbench_tight_capacity,06,22,589.42
freightbidbench_tight_capacity,06,23,589.42
freightbidbench_tight_capacity,06,24,589.42
freightbidbench_tight_capacity,06,25,589.42
freightbidbench_tight_capacity,06,26,589.42
freightbidbench_tight_capacity,06,27,564.23
freightbidbench_tight_capacity,06,28,564.23
freightbidbench_tight_capacity,06,29,564.23
freightbidbench_tight_capacity,06,30,564.23
freightbidbench_tight_capacity,06,31,564.23
freightbidbench_tight_capacity,06,32,564.23
freightbidbench_tight_capacity,06,33,564.23
freightbidbench_tight_capacity,06,34,564.23
freightbidbench_tight_capacity,06,35,564.23
freightbidbench_tight_capacity,06,36,564.23
freightbidbench_tight_capacity,06,37,564.23
freightbidbench_tight_capacity,06,38,564.23
freightbidbench_tight_capacity,06,39,564.23
freightbidbench_tight_capacity,06,40,564.23
freightbidbench_tight_capacity,06,41,564.23
freightbidbench_tight_capacity,06,42,564.23
freightbidbench_tight_capacity,06,43,564.23
freightbidbench_tight_capacity,06,44,564.23
freightbidbench_tight_capacity,06,45,564.23
freightbidbench_tight_capacity,06,46,564.23
freightbidbench_tight_capacity,06,47,564.23
freightbidbench_tight_capacity,06,48,564.23
freightbidbench_tight_capacity,06,49,564.23
freightbidbench_tight_capacity,06,50,564.23
freightbidbench_tight_capacity,06,51,564.23
freightbidbench_tight_capacity,06,52,564.23
freightbidbench_tight_capacity,06,53,564.23
freightbidbench_tight_capacity,06,54,564.23
freightbidbench_tight_capacity,06,55,564.23
freightbidbench_tight_capacity,06,56,564.23
freightbidbench_tight_capacity,06,57,564.23
freightbidbench_tight_capacity,06,58,564.23
freightbidbench_tight_capacity,06,59,564.23
freightbidbench_tight_capacity,06,60,564.23
freightbidbench_tight_capacity,06,61,564.23
freightbidbench_tight_capacity,06,62,564.23
freightbidbench_tight_capacity,06,63,564.23
freightbidbench_tight_capacity,06,64,564.23
freightbidbench_tight_capacity,06,65,564.23
freightbidbench_tight_capacity,06,66,564.23
freightbidbench_tight_capacity,06,67,564.23
freightbidbench_tight_capacity,06,68,-485.10
freightbidbench_tight_capacity,06,69,-485.10
freightbidbench_tight_capacity,06,70,-485.10
freightbidbench_tight_capacity,06,71,-485.10
freightbidbench_tight_capacity,06,72,-485.10
freightbidbench_tight_capacity,08,0,-548.57
freightbidbench_tight_capacity,08,1,-548.57
freightbidbench_tight_capacity,08,2,-548.57
freightbidbench_tight_capacity,08,3,-548.57
freightbidbench_tight_capacity,08,4,-548.57
freightbidbench_tight_capacity,08,5,-548.57
freightbidbench_tight_capacity,08,6,-548.57
freightbidbench_tight_capacity,08,7,-548.57
freightbidbench_tight_capacity,08,8,-548.57
freightbidbench_tight_capacity,08,9,-548.57
freightbidbench_tight_capacity,08,10,-548.57
freightbidbench_tight_capacity,08,11,-548.57
freightbidbench_tight_capacity,08,12,-548.57
freightbidbench_tight_capacity,08,13,-548.57
freightbidbench_tight_capacity,08,14,-548.57
freightbidbench_tight_capacity,08,15,-548.57
freightbidbench_tight_capacity,08,16,-548.57
freightbidbench_tight_capacity,08,17,-548.57
freightbidbench_tight_capacity,08,18,-548.57
freightbidbench_tight_capacity,08,19,-548.57
freightbidbench_tight_capacity,08,20,-548.57
freightbidbench_tight_capacity,08,21,-548.57
freightbidbench_tight_capacity,08,22,-548.57
freightbidbench_tight_capacity,08,23,-548.57
freightbidbench_tight_capacity,08,24,-548.57
freightbidbench_tight_capacity,08,25,-548.57
freightbidbench_tight_capacity,08,26,-548.57
freightbidbench_tight_capacity,08,27,-548.57
freightbidbench_tight_capacity,08,28,-548.57
freightbidbench_tight_capacity,08,29,-548.57
freightbidbench_tight_capacity,08,30,-548.57
freightbidbench_tight_capacity,08,31,-548.57
freightbidbench_tight_capacity,08,32,-548.57
freightbidbench_tight_capacity,08,33,-548.57
freightbidbench_tight_capacity,08,34,-548.57
freightbidbench_tight_capacity,08,35,-548.57
freightbidbench_tight_capacity,08,36,-548.57
freightbidbench_tight_capacity,08,37,-548.57
freightbidbench_tight_capacity,08,38,-548.57
freightbidbench_tight_capacity,08,39,-548.57
freightbidbench_tight_capacity,08,40,-548.57
freightbidbench_tight_capacity,08,41,-548.57
freightbidbench_tight_capacity,08,42,-548.57
freightbidbench_tight_capacity,08,43,-548.57
freightbidbench_tight_capacity,08,44,-548.57
freightbidbench_tight_capacity,08,45,-548.57
freightbidbench_tight_capacity,08,46,-548.57
freightbidbench_tight_capacity,08,47,-548.57
freightbidbench_tight_capacity,08,48,-548.57
freightbidbench_tight_capacity,08,49,-548.57
freightbidbench_tight_capacity,08,50,-548.57
freightbidbench_tight_capacity,08,51,-548.57
freightbidbench_tight_capacity,08,52,-548.57
freightbidbench_tight_capacity,08,53,-548.57
freightbidbench_tight_capacity,08,54,-548.57
freightbidbench_tight_capacity,08,55,-548.57
freightbidbench_tight_capacity,08,56,-548.57
freightbidbench_tight_capacity,08,57,-548.57
freightbidbench_tight_capacity,08,58,-548.57
freightbidbench_tight_capacity,08,59,-548.57
freightbidbench_tight_capacity,08,60,-548.57
freightbidbench_tight_capacity,08,61,-548.57
freightbidbench_tight_capacity,08,62,-548.57
freightbidbench_tight_capacity,08,63,-548.57
freightbidbench_tight_capacity,08,64,-548.57
freightbidbench_tight_capacity,08,65,-548.57
freightbidbench_tight_capacity,08,66,-548.57
freightbidbench_tight_capacity,08,67,-548.57
freightbidbench_tight_capacity,08,68,-548.57
freightbidbench_tight_capacity,08,69,-548.57
freightbidbench_tight_capacity,08,70,-548.57
freightbidbench_tight_capacity,08,71,-548.57
freightbidbench_tight_capacity,08,72,-548.57
freightbidbench_tight_capacity,12,0,-750.00
freightbidbench_tight_capacity,12,1,-750.00
freightbidbench_tight_capacity,12,2,-750.00
freightbidbench_tight_capacity,12,3,-750.00
freightbidbench_tight_capacity,12,4,-750.00
freightbidbench_tight_capacity,12,5,-750.00
freightbidbench_tight_capacity,12,6,-750.00
freightbidbench_tight_capacity,12,7,-750.00
freightbidbench_tight_capacity,12,8,-750.00
freightbidbench_tight_capacity,12,9,-750.00
freightbidbench_tight_capacity,12,10,-750.00
freightbidbench_tight_capacity,12,11,-750.00
freightbidbench_tight_capacity,12,12,-750.00
freightbidbench_tight_capacity,12,13,-750.00
freightbidbench_tight_capacity,12,14,-750.00
freightbidbench_tight_capacity,12,15,-750.00
freightbidbench_tight_capacity,12,16,-750.00
freightbidbench_tight_capacity,12,17,-750.00
freightbidbench_tight_capacity,12,18,-750.00
freightbidbench_tight_capacity,12,19,-750.00
freightbidbench_tight_capacity,12,20,-750.00
freightbidbench_tight_capacity,12,21,-750.00
freightbidbench_tight_capacity,12,22,-750.00
freightbidbench_tight_capacity,12,23,-750.00
freightbidbench_tight_capacity,12,24,-750.00
freightbidbench_tight_capacity,12,25,-750.00
freightbidbench_tight_capacity,12,26,-750.00
freightbidbench_tight_capacity,12,27,-750.00
freightbidbench_tight_capacity,12,28,-750.00
freightbidbench_tight_capacity,12,29,-750.00
freightbidbench_tight_capacity,12,30,-750.00
freightbidbench_tight_capacity,12,31,-750.00
freightbidbench_tight_capacity,12,32,-750.00
freightbidbench_tight_capacity,12,33,-750.00
freightbidbench_tight_capacity,12,34,-750.00
freightbidbench_tight_capacity,12,35,-750.00
freightbidbench_tight_capacity,12,36,-750.00
freightbidbench_tight_capacity,12,37,-750.00
freightbidbench_tight_capacity,12,38,-750.00
freightbidbench_tight_capacity,12,39,-750.00
freightbidbench_tight_capacity,12,40,-750.00
freightbidbench_tight_capacity,12,41,-750.00
freightbidbench_tight_capacity,12,42,-750.00
freightbidbench_tight_capacity,12,43,-750.00
freightbidbench_tight_capacity,12,44,-750.00
freightbidbench_tight_capacity,12,45,-750.00
freightbidbench_tight_capacity,12,46,-750.00
freightbidbench_tight_capacity,12,47,-750.00
freightbidbench_tight_capacity,12,48,-750.00
freightbidbench_tight_capacity,12,49,-750.00
freightbidbench_tight_capacity,12,50,-750.00
freightbidbench_tight_capacity,12,51,-750.00
freightbidbench_tight_capacity,12,52,-750.00
freightbidbench_tight_capacity,12,53,-750.00
freightbidbench_tight_capacity,12,54,-750.00
freightbidbench_tight_capacity,12,55,-750.00
freightbidbench_tight_capacity,12,56,-750.00
freightbidbench_tight_capacity,12,57,-750.00
freightbidbench_tight_capacity,12,58,-750.00
freightbidbench_tight_capacity,12,59,-750.00
freightbidbench_tight_capacity,12,60,-750.00
freightbidbench_tight_capacity,12,61,-750.00
freightbidbench_tight_capacity,12,62,-750.00
freightbidbench_tight_capacity,12,63,-750.00
freightbidbench_tight_capacity,12,64,-750.00
freightbidbench_tight_capacity,12,65,-750.00
freightbidbench_tight_capacity,12,66,-750.00
freightbidbench_tight_capacity,12,67,-750.00
freightbidbench_tight_capacity,12,68,-750.00
freightbidbench_tight_capacity,12,69,-750.00
freightbidbench_tight_capacity,12,70,-750.00
freightbidbench_tight_capacity,12,71,-750.00
freightbidbench_tight_capacity,12,72,-750.00
freightbidbench_tight_capacity,13,0,29287.54
freightbidbench_tight_capacity,13,1,29287.54
freightbidbench_tight_capacity,13,2,29287.54
freightbidbench_tight_capacity,13,3,27598.14
freightbidbench_tight_capacity,13,4,27598.14
freightbidbench_tight_capacity,13,5,26791.10
freightbidbench_tight_capacity,13,6,26791.10
freightbidbench_tight_capacity,13,7,26476.82
freightbidbench_tight_capacity,13,8,26476.82
freightbidbench_tight_capacity,13,9,26476.82
freightbidbench_tight_capacity,13,10,26476.82
freightbidbench_tight_capacity,13,11,25253.22
freightbidbench_tight_capacity,13,12,24270.79
freightbidbench_tight_capacity,13,13,24184.11
freightbidbench_tight_capacity,13,14,24184.11
freightbidbench_tight_capacity,13,15,23463.15
freightbidbench_tight_capacity,13,16,23463.15
freightbidbench_tight_capacity,13,17,23463.15
freightbidbench_tight_capacity,13,18,22918.33
freightbidbench_tight_capacity,13,19,21634.69
freightbidbench_tight_capacity,13,20,21559.15
freightbidbench_tight_capacity,13,21,20797.25
freightbidbench_tight_capacity,13,22,20797.25
freightbidbench_tight_capacity,13,23,20797.25
freightbidbench_tight_capacity,13,24,20797.25
freightbidbench_tight_capacity,13,25,20269.72
freightbidbench_tight_capacity,13,26,20269.72
freightbidbench_tight_capacity,13,27,18977.92
freightbidbench_tight_capacity,13,28,18063.69
freightbidbench_tight_capacity,13,29,18063.69
freightbidbench_tight_capacity,13,30,18063.69
freightbidbench_tight_capacity,13,31,18063.69
freightbidbench_tight_capacity,13,32,18063.69
freightbidbench_tight_capacity,13,33,18063.69
freightbidbench_tight_capacity,13,34,16291.12
freightbidbench_tight_capacity,13,35,16291.12
freightbidbench_tight_capacity,13,36,15445.23
freightbidbench_tight_capacity,13,37,15445.23
freightbidbench_tight_capacity,13,38,14874.42
freightbidbench_tight_capacity,13,39,14874.42
freightbidbench_tight_capacity,13,40,14502.34
freightbidbench_tight_capacity,13,41,12829.26
freightbidbench_tight_capacity,13,42,12829.26
freightbidbench_tight_capacity,13,43,12231.84
freightbidbench_tight_capacity,13,44,12231.84
freightbidbench_tight_capacity,13,45,11713.65
freightbidbench_tight_capacity,13,46,11713.65
freightbidbench_tight_capacity,13,47,11713.65
freightbidbench_tight_capacity,13,48,11713.65
freightbidbench_tight_capacity,13,49,9903.52
freightbidbench_tight_capacity,13,50,9903.52
freightbidbench_tight_capacity,13,51,9157.87
freightbidbench_tight_capacity,13,52,8767.52
freightbidbench_tight_capacity,13,53,8767.52
freightbidbench_tight_capacity,13,54,8767.52
freightbidbench_tight_capacity,13,55,8767.52
freightbidbench_tight_capacity,13,56,6978.97
freightbidbench_tight_capacity,13,57,6978.97
freightbidbench_tight_capacity,13,58,6022.20
freightbidbench_tight_capacity,13,59,5923.24
freightbidbench_tight_capacity,13,60,5923.24
freightbidbench_tight_capacity,13,61,5923.24
freightbidbench_tight_capacity,13,62,2710.70
freightbidbench_tight_capacity,13,63,2377.76
freightbidbench_tight_capacity,13,64,2377.76
freightbidbench_tight_capacity,13,65,2377.76
freightbidbench_tight_capacity,13,66,2375.48
freightbidbench_tight_capacity,13,67,2375.48
freightbidbench_tight_capacity,13,68,2375.48
freightbidbench_tight_capacity,13,69,2375.48
freightbidbench_tight_capacity,13,70,2375.48
freightbidbench_tight_capacity,13,71,2375.48
freightbidbench_tight_capacity,13,72,-372.02
freightbidbench_tight_capacity,17,0,-441.81
freightbidbench_tight_capacity,17,1,-441.81
freightbidbench_tight_capacity,17,2,-441.81
freightbidbench_tight_capacity,17,3,-441.81
freightbidbench_tight_capacity,17,4,-441.81
freightbidbench_tight_capacity,17,5,-441.81
freightbidbench_tight_capacity,17,6,-441.81
freightbidbench_tight_capacity,17,7,-441.81
freightbidbench_tight_capacity,17,8,-441.81
freightbidbench_tight_capacity,17,9,-441.81
freightbidbench_tight_capacity,17,10,-441.81
freightbidbench_tight_capacity,17,11,-441.81
freightbidbench_tight_capacity,17,12,-441.81
freightbidbench_tight_capacity,17,13,-441.81
freightbidbench_tight_capacity,17,14,-441.81
freightbidbench_tight_capacity,17,15,-441.81
freightbidbench_tight_capacity,17,16,-441.81
freightbidbench_tight_capacity,17,17,-441.81
freightbidbench_tight_capacity,17,18,-441.81
freightbidbench_tight_capacity,17,19,-441.81
freightbidbench_tight_capacity,17,20,-441.81
freightbidbench_tight_capacity,17,21,-441.81
freightbidbench_tight_capacity,17,22,-441.81
freightbidbench_tight_capacity,17,23,-441.81
freightbidbench_tight_capacity,17,24,-441.81
freightbidbench_tight_capacity,17,25,-441.81
freightbidbench_tight_capacity,17,26,-441.81
freightbidbench_tight_capacity,17,27,-441.81
freightbidbench_tight_capacity,17,28,-441.81
freightbidbench_tight_capacity,17,29,-441.81
freightbidbench_tight_capacity,17,30,-441.81
freightbidbench_tight_capacity,17,31,-441.81
freightbidbench_tight_capacity,17,32,-441.81
freightbidbench_tight_capacity,17,33,-441.81
freightbidbench_tight_capacity,17,34,-441.81
freightbidbench_tight_capacity,17,35,-441.81
freightbidbench_tight_capacity,17,36,-441.81
freightbidbench_tight_capacity,17,37,-441.81
freightbidbench_tight_capacity,17,38,-441.81
freightbidbench_tight_capacity,17,39,-441.81
freightbidbench_tight_capacity,17,40,-441.81
freightbidbench_tight_capacity,17,41,-441.81
freightbidbench_tight_capacity,17,42,-441.81
freightbidbench_tight_capacity,17,43,-441.81
freightbidbench_tight_capacity,17,44,-441.81
freightbidbench_tight_capacity,17,45,-441.81
freightbidbench_tight_capacity,17,46,-441.81
freightbidbench_tight_capacity,17,47,-441.81
freightbidbench_tight_capacity,17,48,-441.81
freightbidbench_tight_capacity,17,49,-441.81
freightbidbench_tight_capacity,17,50,-441.81
freightbidbench_tight_capacity,17,51,-441.81
freightbidbench_tight_capacity,17,52,-441.81
freightbidbench_tight_capacity,17,53,-441.81
freightbidbench_tight_capacity,17,54,-441.81
freightbidbench_tight_capacity,17,55,-441.81
freightbidbench_tight_capacity,17,56,-441.81
freightbidbench_tight_capacity,17,57,-441.81
freightbidbench_tight_capacity,17,58,-441.81
freightbidbench_tight_capacity,17,59,-441.81
freightbidbench_tight_capacity,17,60,-441.81
freightbidbench_tight_capacity,17,61,-441.81
freightbidbench_tight_capacity,17,62,-441.81
freightbidbench_tight_capacity,17,63,-441.81
freightbidbench_tight_capacity,17,64,-441.81
freightbidbench_tight_capacity,17,65,-441.81
freightbidbench_tight_capacity,17,66,-441.81
freightbidbench_tight_capacity,17,67,-441.81
freightbidbench_tight_capacity,17,68,-441.81
freightbidbench_tight_capacity,17,69,-441.81
freightbidbench_tight_capacity,17,70,-441.81
freightbidbench_tight_capacity,17,71,-441.81
freightbidbench_tight_capacity,17,72,-441.81
freightbidbench_tight_capacity,24,0,-488.65
freightbidbench_tight_capacity,24,1,-488.65
freightbidbench_tight_capacity,24,2,-488.65
freightbidbench_tight_capacity,24,3,-488.65
freightbidbench_tight_capacity,24,4,-488.65
freightbidbench_tight_capacity,24,5,-488.65
freightbidbench_tight_capacity,24,6,-488.65
freightbidbench_tight_capacity,24,7,-488.65
freightbidbench_tight_capacity,24,8,-488.65
freightbidbench_tight_capacity,24,9,-488.65
freightbidbench_tight_capacity,24,10,-488.65
freightbidbench_tight_capacity,24,11,-488.65
freightbidbench_tight_capacity,24,12,-488.65
freightbidbench_tight_capacity,24,13,-488.65
freightbidbench_tight_capacity,24,14,-488.65
freightbidbench_tight_capacity,24,15,-488.65
freightbidbench_tight_capacity,24,16,-488.65
freightbidbench_tight_capacity,24,17,-488.65
freightbidbench_tight_capacity,24,18,-488.65
freightbidbench_tight_capacity,24,19,-488.65
freightbidbench_tight_capacity,24,20,-488.65
freightbidbench_tight_capacity,24,21,-488.65
freightbidbench_tight_capacity,24,22,-488.65
freightbidbench_tight_capacity,24,23,-488.65
freightbidbench_tight_capacity,24,24,-488.65
freightbidbench_tight_capacity,24,25,-488.65
freightbidbench_tight_capacity,24,26,-488.65
freightbidbench_tight_capacity,24,27,-488.65
freightbidbench_tight_capacity,24,28,-488.65
freightbidbench_tight_capacity,24,29,-488.65
freightbidbench_tight_capacity,24,30,-488.65
freightbidbench_tight_capacity,24,31,-488.65
freightbidbench_tight_capacity,24,32,-488.65
freightbidbench_tight_capacity,24,33,-488.65
freightbidbench_tight_capacity,24,34,-488.65
freightbidbench_tight_capacity,24,35,-488.65
freightbidbench_tight_capacity,24,36,-488.65
freightbidbench_tight_capacity,24,37,-488.65
freightbidbench_tight_capacity,24,38,-488.65
freightbidbench_tight_capacity,24,39,-488.65
freightbidbench_tight_capacity,24,40,-488.65
freightbidbench_tight_capacity,24,41,-488.65
freightbidbench_tight_capacity,24,42,-488.65
freightbidbench_tight_capacity,24,43,-488.65
freightbidbench_tight_capacity,24,44,-488.65
freightbidbench_tight_capacity,24,45,-488.65
freightbidbench_tight_capacity,24,46,-488.65
freightbidbench_tight_capacity,24,47,-488.65
freightbidbench_tight_capacity,24,48,-488.65
freightbidbench_tight_capacity,24,49,-488.65
freightbidbench_tight_capacity,24,50,-488.65
freightbidbench_tight_capacity,24,51,-488.65
freightbidbench_tight_capacity,24,52,-488.65
freightbidbench_tight_capacity,24,53,-488.65
freightbidbench_tight_capacity,24,54,-488.65
freightbidbench_tight_capacity,24,55,-488.65
freightbidbench_tight_capacity,24,56,-488.65
freightbidbench_tight_capacity,24,57,-488.65
freightbidbench_tight_capacity,24,58,-488.65
freightbidbench_tight_capacity,24,59,-488.65
freightbidbench_tight_capacity,24,60,-488.65
freightbidbench_tight_capacity,24,61,-488.65
freightbidbench_tight_capacity,24,62,-488.65
freightbidbench_tight_capacity,24,63,-488.65
freightbidbench_tight_capacity,24,64,-488.65
freightbidbench_tight_capacity,24,65,-488.65
freightbidbench_tight_capacity,24,66,-488.65
freightbidbench_tight_capacity,24,67,-488.65
freightbidbench_tight_capacity,24,68,-488.65
freightbidbench_tight_capacity,24,69,-488.65
freightbidbench_tight_capacity,24,70,-488.65
freightbidbench_tight_capacity,24,71,-488.65
freightbidbench_tight_capacity,24,72,-488.65
freightbidbench_tight_capacity,25,0,-480.07
freightbidbench_tight_capacity,25,1,-480.07
freightbidbench_tight_capacity,25,2,-480.07
freightbidbench_tight_capacity,25,3,-480.07
freightbidbench_tight_capacity,25,4,-480.07
freightbidbench_tight_capacity,25,5,-480.07
freightbidbench_tight_capacity,25,6,-480.07
freightbidbench_tight_capacity,25,7,-480.07
freightbidbench_tight_capacity,25,8,-480.07
freightbidbench_tight_capacity,25,9,-480.07
freightbidbench_tight_capacity,25,10,-480.07
freightbidbench_tight_capacity,25,11,-480.07
freightbidbench_tight_capacity,25,12,-480.07
freightbidbench_tight_capacity,25,13,-480.07
freightbidbench_tight_capacity,25,14,-480.07
freightbidbench_tight_capacity,25,15,-480.07
freightbidbench_tight_capacity,25,16,-480.07
freightbidbench_tight_capacity,25,17,-480.07
freightbidbench_tight_capacity,25,18,-480.07
freightbidbench_tight_capacity,25,19,-480.07
freightbidbench_tight_capacity,25,20,-480.07
freightbidbench_tight_capacity,25,21,-480.07
freightbidbench_tight_capacity,25,22,-480.07
freightbidbench_tight_capacity,25,23,-480.07
freightbidbench_tight_capacity,25,24,-480.07
freightbidbench_tight_capacity,25,25,-480.07
freightbidbench_tight_capacity,25,26,-480.07
freightbidbench_tight_capacity,25,27,-480.07
freightbidbench_tight_capacity,25,28,-480.07
freightbidbench_tight_capacity,25,29,-480.07
freightbidbench_tight_capacity,25,30,-480.07
freightbidbench_tight_capacity,25,31,-480.07
freightbidbench_tight_capacity,25,32,-480.07
freightbidbench_tight_capacity,25,33,-480.07
freightbidbench_tight_capacity,25,34,-480.07
freightbidbench_tight_capacity,25,35,-480.07
freightbidbench_tight_capacity,25,36,-480.07
freightbidbench_tight_capacity,25,37,-480.07
freightbidbench_tight_capacity,25,38,-480.07
freightbidbench_tight_capacity,25,39,-480.07
freightbidbench_tight_capacity,25,40,-480.07
freightbidbench_tight_capacity,25,41,-480.07
freightbidbench_tight_capacity,25,42,-480.07
freightbidbench_tight_capacity,25,43,-480.07
freightbidbench_tight_capacity,25,44,-480.07
freightbidbench_tight_capacity,25,45,-480.07
freightbidbench_tight_capacity,25,46,-480.07
freightbidbench_tight_capacity,25,47,-480.07
freightbidbench_tight_capacity,25,48,-480.07
freightbidbench_tight_capacity,25,49,-480.07
freightbidbench_tight_capacity,25,50,-480.07
freightbidbench_tight_capacity,25,51,-480.07
freightbidbench_tight_capacity,25,52,-480.07
freightbidbench_tight_capacity,25,53,-480.07
freightbidbench_tight_capacity,25,54,-480.07
freightbidbench_tight_capacity,25,55,-480.07
freightbidbench_tight_capacity,25,56,-480.07
freightbidbench_tight_capacity,25,57,-480.07
freightbidbench_tight_capacity,25,58,-480.07
freightbidbench_tight_capacity,25,59,-480.07
freightbidbench_tight_capacity,25,60,-480.07
freightbidbench_tight_capacity,25,61,-480.07
freightbidbench_tight_capacity,25,62,-480.07
freightbidbench_tight_capacity,25,63,-480.07
freightbidbench_tight_capacity,25,64,-480.07
freightbidbench_tight_capacity,25,65,-480.07
freightbidbench_tight_capacity,25,66,-480.07
freightbidbench_tight_capacity,25,67,-480.07
freightbidbench_tight_capacity,25,68,-480.07
freightbidbench_tight_capacity,25,69,-480.07
freightbidbench_tight_capacity,25,70,-480.07
freightbidbench_tight_capacity,25,71,-480.07
freightbidbench_tight_capacity,25,72,-480.07
freightbidbench_tight_capacity,36,0,-600.30
freightbidbench_tight_capacity,36,1,-600.30
freightbidbench_tight_capacity,36,2,-600.30
freightbidbench_tight_capacity,36,3,-600.30
freightbidbench_tight_capacity,36,4,-600.30
freightbidbench_tight_capacity,36,5,-600.30
freightbidbench_tight_capacity,36,6,-600.30
freightbidbench_tight_capacity,36,7,-600.30
freightbidbench_tight_capacity,36,8,-600.30
freightbidbench_tight_capacity,36,9,-600.30
freightbidbench_tight_capacity,36,10,-600.30
freightbidbench_tight_capacity,36,11,-600.30
freightbidbench_tight_capacity,36,12,-600.30
freightbidbench_tight_capacity,36,13,-600.30
freightbidbench_tight_capacity,36,14,-600.30
freightbidbench_tight_capacity,36,15,-600.30
freightbidbench_tight_capacity,36,16,-600.30
freightbidbench_tight_capacity,36,17,-600.30
freightbidbench_tight_capacity,36,18,-600.30
freightbidbench_tight_capacity,36,19,-600.30
freightbidbench_tight_capacity,36,20,-600.30
freightbidbench_tight_capacity,36,21,-600.30
freightbidbench_tight_capacity,36,22,-600.30
freightbidbench_tight_capacity,36,23,-600.30
freightbidbench_tight_capacity,36,24,-600.30
freightbidbench_tight_capacity,36,25,-600.30
freightbidbench_tight_capacity,36,26,-600.30
freightbidbench_tight_capacity,36,27,-600.30
freightbidbench_tight_capacity,36,28,-600.30
freightbidbench_tight_capacity,36,29,-600.30
freightbidbench_tight_capacity,36,30,-600.30
freightbidbench_tight_capacity,36,31,-600.30
freightbidbench_tight_capacity,36,32,-600.30
freightbidbench_tight_capacity,36,33,-600.30
freightbidbench_tight_capacity,36,34,-600.30
freightbidbench_tight_capacity,36,35,-600.30
freightbidbench_tight_capacity,36,36,-600.30
freightbidbench_tight_capacity,36,37,-600.30
freightbidbench_tight_capacity,36,38,-600.30
freightbidbench_tight_capacity,36,39,-600.30
freightbidbench_tight_capacity,36,40,-600.30
freightbidbench_tight_capacity,36,41,-600.30
freightbidbench_tight_capacity,36,42,-600.30
freightbidbench_tight_capacity,36,43,-600.30
freightbidbench_tight_capacity,36,44,-600.30
freightbidbench_tight_capacity,36,45,-600.30
freightbidbench_tight_capacity,36,46,-600.30
freightbidbench_tight_capacity,36,47,-600.30
freightbidbench_tight_capacity,36,48,-600.30
freightbidbench_tight_capacity,36,49,-600.30
freightbidbench_tight_capacity,36,50,-600.30
freightbidbench_tight_capacity,36,51,-600.30
freightbidbench_tight_capacity,36,52,-600.30
freightbidbench_tight_capacity,36,53,-600.30
freightbidbench_tight_capacity,36,54,-600.30
freightbidbench_tight_capacity,36,55,-600.30
freightbidbench_tight_capacity,36,56,-600.30
freightbidbench_tight_capacity,36,57,-600.30
freightbidbench_tight_capacity,36,58,-600.30
freightbidbench_tight_capacity,36,59,-600.30
freightbidbench_tight_capacity,36,60,-600.30
freightbidbench_tight_capacity,36,61,-600.30
freightbidbench_tight_capacity,36,62,-600.30
freightbidbench_tight_capacity,36,63,-600.30
freightbidbench_tight_capacity,36,64,-600.30
freightbidbench_tight_capacity,36,65,-600.30
freightbidbench_tight_capacity,36,66,-600.30
freightbidbench_tight_capacity,36,67,-600.30
freightbidbench_tight_capacity,36,68,-600.30
freightbidbench_tight_capacity,36,69,-600.30
freightbidbench_tight_capacity,36,70,-600.30
freightbidbench_tight_capacity,36,71,-600.30
freightbidbench_tight_capacity,36,72,-600.30
freightbidbench_tight_capacity,42,0,-509.15
freightbidbench_tight_capacity,42,1,-509.15
freightbidbench_tight_capacity,42,2,-509.15
freightbidbench_tight_capacity,42,3,-509.15
freightbidbench_tight_capacity,42,4,-509.15
freightbidbench_tight_capacity,42,5,-509.15
freightbidbench_tight_capacity,42,6,-509.15
freightbidbench_tight_capacity,42,7,-509.15
freightbidbench_tight_capacity,42,8,-509.15
freightbidbench_tight_capacity,42,9,-509.15
freightbidbench_tight_capacity,42,10,-509.15
freightbidbench_tight_capacity,42,11,-509.15
freightbidbench_tight_capacity,42,12,-509.15
freightbidbench_tight_capacity,42,13,-509.15
freightbidbench_tight_capacity,42,14,-509.15
freightbidbench_tight_capacity,42,15,-509.15
freightbidbench_tight_capacity,42,16,-509.15
freightbidbench_tight_capacity,42,17,-509.15
freightbidbench_tight_capacity,42,18,-509.15
freightbidbench_tight_capacity,42,19,-509.15
freightbidbench_tight_capacity,42,20,-509.15
freightbidbench_tight_capacity,42,21,-509.15
freightbidbench_tight_capacity,42,22,-509.15
freightbidbench_tight_capacity,42,23,-509.15
freightbidbench_tight_capacity,42,24,-509.15
freightbidbench_tight_capacity,42,25,-509.15
freightbidbench_tight_capacity,42,26,-509.15
freightbidbench_tight_capacity,42,27,-509.15
freightbidbench_tight_capacity,42,28,-509.15
freightbidbench_tight_capacity,42,29,-509.15
freightbidbench_tight_capacity,42,30,-509.15
freightbidbench_tight_capacity,42,31,-509.15
freightbidbench_tight_capacity,42,32,-509.15
freightbidbench_tight_capacity,42,33,-509.15
freightbidbench_tight_capacity,42,34,-509.15
freightbidbench_tight_capacity,42,35,-509.15
freightbidbench_tight_capacity,42,36,-509.15
freightbidbench_tight_capacity,42,37,-509.15
freightbidbench_tight_capacity,42,38,-509.15
freightbidbench_tight_capacity,42,39,-509.15
freightbidbench_tight_capacity,42,40,-509.15
freightbidbench_tight_capacity,42,41,-509.15
freightbidbench_tight_capacity,42,42,-509.15
freightbidbench_tight_capacity,42,43,-509.15
freightbidbench_tight_capacity,42,44,-509.15
freightbidbench_tight_capacity,42,45,-509.15
freightbidbench_tight_capacity,42,46,-509.15
freightbidbench_tight_capacity,42,47,-509.15
freightbidbench_tight_capacity,42,48,-509.15
freightbidbench_tight_capacity,42,49,-509.15
freightbidbench_tight_capacity,42,50,-509.15
freightbidbench_tight_capacity,42,51,-509.15
freightbidbench_tight_capacity,42,52,-509.15
freightbidbench_tight_capacity,42,53,-509.15
freightbidbench_tight_capacity,42,54,-509.15
freightbidbench_tight_capacity,42,55,-509.15
freightbidbench_tight_capacity,42,56,-509.15
freightbidbench_tight_capacity,42,57,-509.15
freightbidbench_tight_capacity,42,58,-509.15
freightbidbench_tight_capacity,42,59,-509.15
freightbidbench_tight_capacity,42,60,-509.15
freightbidbench_tight_capacity,42,61,-509.15
freightbidbench_tight_capacity,42,62,-509.15
freightbidbench_tight_capacity,42,63,-509.15
freightbidbench_tight_capacity,42,64,-509.15
freightbidbench_tight_capacity,42,65,-509.15
freightbidbench_tight_capacity,42,66,-509.15
freightbidbench_tight_capacity,42,67,-509.15
freightbidbench_tight_capacity,42,68,-509.15
freightbidbench_tight_capacity,42,69,-509.15
freightbidbench_tight_capacity,42,70,-509.15
freightbidbench_tight_capacity,42,71,-509.15
freightbidbench_tight_capacity,42,72,-509.15
freightbidbench_tight_capacity,48,0,22805.07
freightbidbench_tight_capacity,48,1,22451.77
freightbidbench_tight_capacity,48,2,22146.77
freightbidbench_tight_capacity,48,3,22146.77
freightbidbench_tight_capacity,48,4,22111.39
freightbidbench_tight_capacity,48,5,22111.39
freightbidbench_tight_capacity,48,6,21349.61
freightbidbench_tight_capacity,48,7,21349.61
freightbidbench_tight_capacity,48,8,21003.63
freightbidbench_tight_capacity,48,9,20787.15
freightbidbench_tight_capacity,48,10,20729.44
freightbidbench_tight_capacity,48,11,20182.72
freightbidbench_tight_capacity,48,12,20182.72
freightbidbench_tight_capacity,48,13,19802.28
freightbidbench_tight_capacity,48,14,19802.28
freightbidbench_tight_capacity,48,15,19414.47
freightbidbench_tight_capacity,48,16,18547.35
freightbidbench_tight_capacity,48,17,18142.39
freightbidbench_tight_capacity,48,18,18142.39
freightbidbench_tight_capacity,48,19,17641.30
freightbidbench_tight_capacity,48,20,17641.30
freightbidbench_tight_capacity,48,21,17017.63
freightbidbench_tight_capacity,48,22,16888.15
freightbidbench_tight_capacity,48,23,16888.15
freightbidbench_tight_capacity,48,24,16671.37
freightbidbench_tight_capacity,48,25,16161.93
freightbidbench_tight_capacity,48,26,15981.85
freightbidbench_tight_capacity,48,27,15020.72
freightbidbench_tight_capacity,48,28,15020.72
freightbidbench_tight_capacity,48,29,14866.56
freightbidbench_tight_capacity,48,30,14777.74
freightbidbench_tight_capacity,48,31,14564.21
freightbidbench_tight_capacity,48,32,14072.90
freightbidbench_tight_capacity,48,33,14072.90
freightbidbench_tight_capacity,48,34,14072.90
freightbidbench_tight_capacity,48,35,12923.92
freightbidbench_tight_capacity,48,36,12923.92
freightbidbench_tight_capacity,48,37,12923.92
freightbidbench_tight_capacity,48,38,12791.30
freightbidbench_tight_capacity,48,39,12133.24
freightbidbench_tight_capacity,48,40,11545.08
freightbidbench_tight_capacity,48,41,11545.08
freightbidbench_tight_capacity,48,42,10174.97
freightbidbench_tight_capacity,48,43,9988.20
freightbidbench_tight_capacity,48,44,9988.20
freightbidbench_tight_capacity,48,45,9988.20
freightbidbench_tight_capacity,48,46,9778.35
freightbidbench_tight_capacity,48,47,9620.59
freightbidbench_tight_capacity,48,48,9510.94
freightbidbench_tight_capacity,48,49,8093.01
freightbidbench_tight_capacity,48,50,7877.48
freightbidbench_tight_capacity,48,51,7877.48
freightbidbench_tight_capacity,48,52,7877.48
freightbidbench_tight_capacity,48,53,7768.40
freightbidbench_tight_capacity,48,54,7649.67
freightbidbench_tight_capacity,48,55,7649.67
freightbidbench_tight_capacity,48,56,5947.40
freightbidbench_tight_capacity,48,57,5947.40
freightbidbench_tight_capacity,48,58,5947.40
freightbidbench_tight_capacity,48,59,5947.40
freightbidbench_tight_capacity,48,60,5947.40
freightbidbench_tight_capacity,48,61,5608.86
freightbidbench_tight_capacity,48,62,5532.46
freightbidbench_tight_capacity,48,63,5130.06
freightbidbench_tight_capacity,48,64,2969.63
freightbidbench_tight_capacity,48,65,2969.63
freightbidbench_tight_capacity,48,66,2947.31
freightbidbench_tight_capacity,48,67,2947.31
freightbidbench_tight_capacity,48,68,2947.31
freightbidbench_tight_capacity,48,69,2947.31
freightbidbench_tight_capacity,48,70,2726.16
freightbidbench_tight_capacity,48,71,2527.27
freightbidbench_tight_capacity,48,72,692.84
freightbidbench_tight_capacity,53,0,-589.25
freightbidbench_tight_capacity,53,1,-589.25
freightbidbench_tight_capacity,53,2,-589.25
freightbidbench_tight_capacity,53,3,-589.25
freightbidbench_tight_capacity,53,4,-589.25
freightbidbench_tight_capacity,53,5,-589.25
freightbidbench_tight_capacity,53,6,-589.25
freightbidbench_tight_capacity,53,7,-589.25
freightbidbench_tight_capacity,53,8,-589.25
freightbidbench_tight_capacity,53,9,-589.25
freightbidbench_tight_capacity,53,10,-589.25
freightbidbench_tight_capacity,53,11,-589.25
freightbidbench_tight_capacity,53,12,-589.25
freightbidbench_tight_capacity,53,13,-589.25
freightbidbench_tight_capacity,53,14,-589.25
freightbidbench_tight_capacity,53,15,-589.25
freightbidbench_tight_capacity,53,16,-589.25
freightbidbench_tight_capacity,53,17,-589.25
freightbidbench_tight_capacity,53,18,-589.25
freightbidbench_tight_capacity,53,19,-589.25
freightbidbench_tight_capacity,53,20,-589.25
freightbidbench_tight_capacity,53,21,-589.25
freightbidbench_tight_capacity,53,22,-589.25
freightbidbench_tight_capacity,53,23,-589.25
freightbidbench_tight_capacity,53,24,-589.25
freightbidbench_tight_capacity,53,25,-589.25
freightbidbench_tight_capacity,53,26,-589.25
freightbidbench_tight_capacity,53,27,-589.25
freightbidbench_tight_capacity,53,28,-589.25
freightbidbench_tight_capacity,53,29,-589.25
freightbidbench_tight_capacity,53,30,-589.25
freightbidbench_tight_capacity,53,31,-589.25
freightbidbench_tight_capacity,53,32,-589.25
freightbidbench_tight_capacity,53,33,-589.25
freightbidbench_tight_capacity,53,34,-589.25
freightbidbench_tight_capacity,53,35,-589.25
freightbidbench_tight_capacity,53,36,-589.25
freightbidbench_tight_capacity,53,37,-589.25
freightbidbench_tight_capacity,53,38,-589.25
freightbidbench_tight_capacity,53,39,-589.25
freightbidbench_tight_capacity,53,40,-589.25
freightbidbench_tight_capacity,53,41,-589.25
freightbidbench_tight_capacity,53,42,-589.25
freightbidbench_tight_capacity,53,43,-589.25
freightbidbench_tight_capacity,53,44,-589.25
freightbidbench_tight_capacity,53,45,-589.25
freightbidbench_tight_capacity,53,46,-589.25
freightbidbench_tight_capacity,53,47,-589.25
freightbidbench_tight_capacity,53,48,-589.25
freightbidbench_tight_capacity,53,49,-589.25
freightbidbench_tight_capacity,53,50,-589.25
freightbidbench_tight_capacity,53,51,-589.25
freightbidbench_tight_capacity,53,52,-589.25
freightbidbench_tight_capacity,53,53,-589.25
freightbidbench_tight_capacity,53,54,-589.25
freightbidbench_tight_capacity,53,55,-589.25
freightbidbench_tight_capacity,53,56,-589.25
freightbidbench_tight_capacity,53,57,-589.25
freightbidbench_tight_capacity,53,58,-589.25
freightbidbench_tight_capacity,53,59,-589.25
freightbidbench_tight_capacity,53,60,-589.25
freightbidbench_tight_capacity,53,61,-589.25
freightbidbench_tight_capacity,53,62,-589.25
freightbidbench_tight_capacity,53,63,-589.25
freightbidbench_tight_capacity,53,64,-589.25
freightbidbench_tight_capacity,53,65,-589.25
freightbidbench_tight_capacity,53,66,-589.25
freightbidbench_tight_capacity,53,67,-589.25
freightbidbench_tight_capacity,53,68,-589.25
freightbidbench_tight_capacity,53,69,-589.25
freightbidbench_tight_capacity,53,70,-589.25
freightbidbench_tight_capacity,53,71,-589.25
freightbidbench_tight_capacity,53,72,-589.25
freightbidbench_tight_x05,04,0,2360.92
freightbidbench_tight_x05,04,1,2360.92
freightbidbench_tight_x05,04,2,2360.92
freightbidbench_tight_x05,04,3,2360.92
freightbidbench_tight_x05,04,4,2360.92
freightbidbench_tight_x05,04,5,2360.92
freightbidbench_tight_x05,04,6,2360.92
freightbidbench_tight_x05,04,7,2360.92
freightbidbench_tight_x05,04,8,2360.92
freightbidbench_tight_x05,04,9,2360.92
freightbidbench_tight_x05,04,10,2360.92
freightbidbench_tight_x05,04,11,2360.92
freightbidbench_tight_x05,04,12,2360.92
freightbidbench_tight_x05,04,13,2360.92
freightbidbench_tight_x05,04,14,2360.92
freightbidbench_tight_x05,04,15,2360.92
freightbidbench_tight_x05,04,16,2360.92
freightbidbench_tight_x05,04,17,2360.92
freightbidbench_tight_x05,04,18,2360.92
freightbidbench_tight_x05,04,19,2360.92
freightbidbench_tight_x05,04,20,2360.92
freightbidbench_tight_x05,04,21,2360.92
freightbidbench_tight_x05,04,22,2360.92
freightbidbench_tight_x05,04,23,2360.92
freightbidbench_tight_x05,04,24,2360.92
freightbidbench_tight_x05,04,25,2360.92
freightbidbench_tight_x05,04,26,2360.92
freightbidbench_tight_x05,04,27,2360.92
freightbidbench_tight_x05,04,28,2360.92
freightbidbench_tight_x05,04,29,2360.92
freightbidbench_tight_x05,04,30,2360.92
freightbidbench_tight_x05,04,31,2360.92
freightbidbench_tight_x05,04,32,2360.92
freightbidbench_tight_x05,04,33,2360.92
freightbidbench_tight_x05,04,34,2360.92
freightbidbench_tight_x05,04,35,2360.92
freightbidbench_tight_x05,04,36,2360.92
freightbidbench_tight_x05,04,37,2360.92
freightbidbench_tight_x05,04,38,2360.92
freightbidbench_tight_x05,04,39,2360.92
freightbidbench_tight_x05,04,40,-546.21
freightbidbench_tight_x05,04,41,-546.21
freightbidbench_tight_x05,04,42,-546.21
freightbidbench_tight_x05,04,43,-546.21
freightbidbench_tight_x05,04,44,-546.21
freightbidbench_tight_x05,04,45,-546.21
freightbidbench_tight_x05,04,46,-546.21
freightbidbench_tight_x05,04,47,-546.21
freightbidbench_tight_x05,04,48,-546.21
freightbidbench_tight_x05,04,49,-546.21
freightbidbench_tight_x05,04,50,-546.21
freightbidbench_tight_x05,04,51,-546.21
freightbidbench_tight_x05,04,52,-546.21
freightbidbench_tight_x05,04,53,-546.21
freightbidbench_tight_x05,04,54,-546.21
freightbidbench_tight_x05,04,55,-546.21
freightbidbench_tight_x05,04,56,-546.21
freightbidbench_tight_x05,04,57,-546.21
freightbidbench_tight_x05,04,58,-546.21
freightbidbench_tight_x05,04,59,-546.21
freightbidbench_tight_x05,04,60,-546.21
freightbidbench_tight_x05,04,61,-546.21
freightbidbench_tight_x05,04,62,-546.21
freightbidbench_tight_x05,04,63,-546.21
freightbidbench_tight_x05,04,64,-546.21
freightbidbench_tight_x05,04,65,-546.21
freightbidbench_tight_x05,04,66,-546.21
freightbidbench_tight_x05,04,67,-546.21
freightbidbench_tight_x05,04,68,-546.21
freightbidbench_tight_x05,04,69,-546.21
freightbidbench_tight_x05,04,70,-546.21
freightbidbench_tight_x05,04,71,-546.21
freightbidbench_tight_x05,04,72,-546.21
freightbidbench_tight_x05,06,0,1182.54
freightbidbench_tight_x05,06,1,1182.54
freightbidbench_tight_x05,06,2,1182.54
freightbidbench_tight_x05,06,3,1182.54
freightbidbench_tight_x05,06,4,1182.54
freightbidbench_tight_x05,06,5,1182.54
freightbidbench_tight_x05,06,6,1182.54
freightbidbench_tight_x05,06,7,1182.54
freightbidbench_tight_x05,06,8,1182.54
freightbidbench_tight_x05,06,9,1182.54
freightbidbench_tight_x05,06,10,1182.54
freightbidbench_tight_x05,06,11,1182.54
freightbidbench_tight_x05,06,12,1182.54
freightbidbench_tight_x05,06,13,1182.54
freightbidbench_tight_x05,06,14,1182.54
freightbidbench_tight_x05,06,15,1182.54
freightbidbench_tight_x05,06,16,1182.54
freightbidbench_tight_x05,06,17,1182.54
freightbidbench_tight_x05,06,18,1182.54
freightbidbench_tight_x05,06,19,1182.54
freightbidbench_tight_x05,06,20,1182.54
freightbidbench_tight_x05,06,21,1182.54
freightbidbench_tight_x05,06,22,1182.54
freightbidbench_tight_x05,06,23,1182.54
freightbidbench_tight_x05,06,24,1182.54
freightbidbench_tight_x05,06,25,1182.54
freightbidbench_tight_x05,06,26,1182.54
freightbidbench_tight_x05,06,27,1182.54
freightbidbench_tight_x05,06,28,1182.54
freightbidbench_tight_x05,06,29,1182.54
freightbidbench_tight_x05,06,30,1182.54
freightbidbench_tight_x05,06,31,1182.54
freightbidbench_tight_x05,06,32,1182.54
freightbidbench_tight_x05,06,33,1182.54
freightbidbench_tight_x05,06,34,1182.54
freightbidbench_tight_x05,06,35,1182.54
freightbidbench_tight_x05,06,36,1182.54
freightbidbench_tight_x05,06,37,1182.54
freightbidbench_tight_x05,06,38,1182.54
freightbidbench_tight_x05,06,39,1182.54
freightbidbench_tight_x05,06,40,1182.54
freightbidbench_tight_x05,06,41,1182.54
freightbidbench_tight_x05,06,42,1182.54
freightbidbench_tight_x05,06,43,1182.54
freightbidbench_tight_x05,06,44,1182.54
freightbidbench_tight_x05,06,45,1182.54
freightbidbench_tight_x05,06,46,1182.54
freightbidbench_tight_x05,06,47,1182.54
freightbidbench_tight_x05,06,48,1182.54
freightbidbench_tight_x05,06,49,1182.54
freightbidbench_tight_x05,06,50,1182.54
freightbidbench_tight_x05,06,51,1182.54
freightbidbench_tight_x05,06,52,1182.54
freightbidbench_tight_x05,06,53,1182.54
freightbidbench_tight_x05,06,54,1182.54
freightbidbench_tight_x05,06,55,1182.54
freightbidbench_tight_x05,06,56,1182.54
freightbidbench_tight_x05,06,57,1182.54
freightbidbench_tight_x05,06,58,1182.54
freightbidbench_tight_x05,06,59,1182.54
freightbidbench_tight_x05,06,60,1182.54
freightbidbench_tight_x05,06,61,1182.54
freightbidbench_tight_x05,06,62,1182.54
freightbidbench_tight_x05,06,63,1182.54
freightbidbench_tight_x05,06,64,723.76
freightbidbench_tight_x05,06,65,723.76
freightbidbench_tight_x05,06,66,723.76
freightbidbench_tight_x05,06,67,723.76
freightbidbench_tight_x05,06,68,723.76
freightbidbench_tight_x05,06,69,-485.10
freightbidbench_tight_x05,06,70,-485.10
freightbidbench_tight_x05,06,71,-485.10
freightbidbench_tight_x05,06,72,-485.10
freightbidbench_tight_x05,08,0,-548.57
freightbidbench_tight_x05,08,1,-548.57
freightbidbench_tight_x05,08,2,-548.57
freightbidbench_tight_x05,08,3,-548.57
freightbidbench_tight_x05,08,4,-548.57
freightbidbench_tight_x05,08,5,-548.57
freightbidbench_tight_x05,08,6,-548.57
freightbidbench_tight_x05,08,7,-548.57
freightbidbench_tight_x05,08,8,-548.57
freightbidbench_tight_x05,08,9,-548.57
freightbidbench_tight_x05,08,10,-548.57
freightbidbench_tight_x05,08,11,-548.57
freightbidbench_tight_x05,08,12,-548.57
freightbidbench_tight_x05,08,13,-548.57
freightbidbench_tight_x05,08,14,-548.57
freightbidbench_tight_x05,08,15,-548.57
freightbidbench_tight_x05,08,16,-548.57
freightbidbench_tight_x05,08,17,-548.57
freightbidbench_tight_x05,08,18,-548.57
freightbidbench_tight_x05,08,19,-548.57
freightbidbench_tight_x05,08,20,-548.57
freightbidbench_tight_x05,08,21,-548.57
freightbidbench_tight_x05,08,22,-548.57
freightbidbench_tight_x05,08,23,-548.57
freightbidbench_tight_x05,08,24,-548.57
freightbidbench_tight_x05,08,25,-548.57
freightbidbench_tight_x05,08,26,-548.57
freightbidbench_tight_x05,08,27,-548.57
freightbidbench_tight_x05,08,28,-548.57
freightbidbench_tight_x05,08,29,-548.57
freightbidbench_tight_x05,08,30,-548.57
freightbidbench_tight_x05,08,31,-548.57
freightbidbench_tight_x05,08,32,-548.57
freightbidbench_tight_x05,08,33,-548.57
freightbidbench_tight_x05,08,34,-548.57
freightbidbench_tight_x05,08,35,-548.57
freightbidbench_tight_x05,08,36,-548.57
freightbidbench_tight_x05,08,37,-548.57
freightbidbench_tight_x05,08,38,-548.57
freightbidbench_tight_x05,08,39,-548.57
freightbidbench_tight_x05,08,40,-548.57
freightbidbench_tight_x05,08,41,-548.57
freightbidbench_tight_x05,08,42,-548.57
freightbidbench_tight_x05,08,43,-548.57
freightbidbench_tight_x05,08,44,-548.57
freightbidbench_tight_x05,08,45,-548.57
freightbidbench_tight_x05,08,46,-548.57
freightbidbench_tight_x05,08,47,-548.57
freightbidbench_tight_x05,08,48,-548.57
freightbidbench_tight_x05,08,49,-548.57
freightbidbench_tight_x05,08,50,-548.57
freightbidbench_tight_x05,08,51,-548.57
freightbidbench_tight_x05,08,52,-548.57
freightbidbench_tight_x05,08,53,-548.57
freightbidbench_tight_x05,08,54,-548.57
freightbidbench_tight_x05,08,55,-548.57
freightbidbench_tight_x05,08,56,-548.57
freightbidbench_tight_x05,08,57,-548.57
freightbidbench_tight_x05,08,58,-548.57
freightbidbench_tight_x05,08,59,-548.57
freightbidbench_tight_x05,08,60,-548.57
freightbidbench_tight_x05,08,61,-548.57
freightbidbench_tight_x05,08,62,-548.57
freightbidbench_tight_x05,08,63,-548.57
freightbidbench_tight_x05,08,64,-548.57
freightbidbench_tight_x05,08,65,-548.57
freightbidbench_tight_x05,08,66,-548.57
freightbidbench_tight_x05,08,67,-548.57
freightbidbench_tight_x05,08,68,-548.57
freightbidbench_tight_x05,08,69,-548.57
freightbidbench_tight_x05,08,70,-548.57
freightbidbench_tight_x05,08,71,-548.57
freightbidbench_tight_x05,08,72,-548.57
freightbidbench_tight_x05,12,0,-750.00
freightbidbench_tight_x05,12,1,-750.00
freightbidbench_tight_x05,12,2,-750.00
freightbidbench_tight_x05,12,3,-750.00
freightbidbench_tight_x05,12,4,-750.00
freightbidbench_tight_x05,12,5,-750.00
freightbidbench_tight_x05,12,6,-750.00
freightbidbench_tight_x05,12,7,-750.00
freightbidbench_tight_x05,12,8,-750.00
freightbidbench_tight_x05,12,9,-750.00
freightbidbench_tight_x05,12,10,-750.00
freightbidbench_tight_x05,12,11,-750.00
freightbidbench_tight_x05,12,12,-750.00
freightbidbench_tight_x05,12,13,-750.00
freightbidbench_tight_x05,12,14,-750.00
freightbidbench_tight_x05,12,15,-750.00
freightbidbench_tight_x05,12,16,-750.00
freightbidbench_tight_x05,12,17,-750.00
freightbidbench_tight_x05,12,18,-750.00
freightbidbench_tight_x05,12,19,-750.00
freightbidbench_tight_x05,12,20,-750.00
freightbidbench_tight_x05,12,21,-750.00
freightbidbench_tight_x05,12,22,-750.00
freightbidbench_tight_x05,12,23,-750.00
freightbidbench_tight_x05,12,24,-750.00
freightbidbench_tight_x05,12,25,-750.00
freightbidbench_tight_x05,12,26,-750.00
freightbidbench_tight_x05,12,27,-750.00
freightbidbench_tight_x05,12,28,-750.00
freightbidbench_tight_x05,12,29,-750.00
freightbidbench_tight_x05,12,30,-750.00
freightbidbench_tight_x05,12,31,-750.00
freightbidbench_tight_x05,12,32,-750.00
freightbidbench_tight_x05,12,33,-750.00
freightbidbench_tight_x05,12,34,-750.00
freightbidbench_tight_x05,12,35,-750.00
freightbidbench_tight_x05,12,36,-750.00
freightbidbench_tight_x05,12,37,-750.00
freightbidbench_tight_x05,12,38,-750.00
freightbidbench_tight_x05,12,39,-750.00
freightbidbench_tight_x05,12,40,-750.00
freightbidbench_tight_x05,12,41,-750.00
freightbidbench_tight_x05,12,42,-750.00
freightbidbench_tight_x05,12,43,-750.00
freightbidbench_tight_x05,12,44,-750.00
freightbidbench_tight_x05,12,45,-750.00
freightbidbench_tight_x05,12,46,-750.00
freightbidbench_tight_x05,12,47,-750.00
freightbidbench_tight_x05,12,48,-750.00
freightbidbench_tight_x05,12,49,-750.00
freightbidbench_tight_x05,12,50,-750.00
freightbidbench_tight_x05,12,51,-750.00
freightbidbench_tight_x05,12,52,-750.00
freightbidbench_tight_x05,12,53,-750.00
freightbidbench_tight_x05,12,54,-750.00
freightbidbench_tight_x05,12,55,-750.00
freightbidbench_tight_x05,12,56,-750.00
freightbidbench_tight_x05,12,57,-750.00
freightbidbench_tight_x05,12,58,-750.00
freightbidbench_tight_x05,12,59,-750.00
freightbidbench_tight_x05,12,60,-750.00
freightbidbench_tight_x05,12,61,-750.00
freightbidbench_tight_x05,12,62,-750.00
freightbidbench_tight_x05,12,63,-750.00
freightbidbench_tight_x05,12,64,-750.00
freightbidbench_tight_x05,12,65,-750.00
freightbidbench_tight_x05,12,66,-750.00
freightbidbench_tight_x05,12,67,-750.00
freightbidbench_tight_x05,12,68,-750.00
freightbidbench_tight_x05,12,69,-750.00
freightbidbench_tight_x05,12,70,-750.00
freightbidbench_tight_x05,12,71,-750.00
freightbidbench_tight_x05,12,72,-750.00
freightbidbench_tight_x05,13,0,28806.31
freightbidbench_tight_x05,13,1,28806.31
freightbidbench_tight_x05,13,2,28806.31
freightbidbench_tight_x05,13,3,27413.62
freightbidbench_tight_x05,13,4,27002.18
freightbidbench_tight_x05,13,5,27002.18
freightbidbench_tight_x05,13,6,27002.18
freightbidbench_tight_x05,13,7,26051.57
freightbidbench_tight_x05,13,8,26051.57
freightbidbench_tight_x05,13,9,26051.57
freightbidbench_tight_x05,13,10,26051.57
freightbidbench_tight_x05,13,11,26051.57
freightbidbench_tight_x05,13,12,24771.07
freightbidbench_tight_x05,13,13,24771.07
freightbidbench_tight_x05,13,14,23903.19
freightbidbench_tight_x05,13,15,23799.17
freightbidbench_tight_x05,13,16,23028.92
freightbidbench_tight_x05,13,17,22397.84
freightbidbench_tight_x05,13,18,22397.84
freightbidbench_tight_x05,13,19,22397.84
freightbidbench_tight_x05,13,20,20510.54
freightbidbench_tight_x05,13,21,19926.32
freightbidbench_tight_x05,13,22,19926.32
freightbidbench_tight_x05,13,23,19926.32
freightbidbench_tight_x05,13,24,19926.32
freightbidbench_tight_x05,13,25,19857.98
freightbidbench_tight_x05,13,26,19857.98
freightbidbench_tight_x05,13,27,19857.98
freightbidbench_tight_x05,13,28,19857.98
freightbidbench_tight_x05,13,29,19857.98
freightbidbench_tight_x05,13,30,17414.01
freightbidbench_tight_x05,13,31,17414.01
freightbidbench_tight_x05,13,32,17414.01
freightbidbench_tight_x05,13,33,17414.01
freightbidbench_tight_x05,13,34,17414.01
freightbidbench_tight_x05,13,35,17414.01
freightbidbench_tight_x05,13,36,17414.01
freightbidbench_tight_x05,13,37,14759.79
freightbidbench_tight_x05,13,38,14759.79
freightbidbench_tight_x05,13,39,13701.89
freightbidbench_tight_x05,13,40,13070.63
freightbidbench_tight_x05,13,41,13070.63
freightbidbench_tight_x05,13,42,13070.63
freightbidbench_tight_x05,13,43,13070.63
freightbidbench_tight_x05,13,44,13070.63
freightbidbench_tight_x05,13,45,10051.72
freightbidbench_tight_x05,13,46,10051.72
freightbidbench_tight_x05,13,47,10051.72
freightbidbench_tight_x05,13,48,10051.72
freightbidbench_tight_x05,13,49,10051.72
freightbidbench_tight_x05,13,50,10051.72
freightbidbench_tight_x05,13,51,10051.72
freightbidbench_tight_x05,13,52,10051.72
freightbidbench_tight_x05,13,53,10051.72
freightbidbench_tight_x05,13,54,10051.72
freightbidbench_tight_x05,13,55,9464.35
freightbidbench_tight_x05,13,56,7790.22
freightbidbench_tight_x05,13,57,6661.41
freightbidbench_tight_x05,13,58,6661.41
freightbidbench_tight_x05,13,59,6661.41
freightbidbench_tight_x05,13,60,6661.41
freightbidbench_tight_x05,13,61,6661.41
freightbidbench_tight_x05,13,62,6661.41
freightbidbench_tight_x05,13,63,4175.78
freightbidbench_tight_x05,13,64,1941.60
freightbidbench_tight_x05,13,65,1941.60
freightbidbench_tight_x05,13,66,1941.60
freightbidbench_tight_x05,13,67,1941.60
freightbidbench_tight_x05,13,68,1941.60
freightbidbench_tight_x05,13,69,1941.60
freightbidbench_tight_x05,13,70,1941.60
freightbidbench_tight_x05,13,71,-372.02
freightbidbench_tight_x05,13,72,-372.02
freightbidbench_tight_x05,17,0,-441.81
freightbidbench_tight_x05,17,1,-441.81
freightbidbench_tight_x05,17,2,-441.81
freightbidbench_tight_x05,17,3,-441.81
freightbidbench_tight_x05,17,4,-441.81
freightbidbench_tight_x05,17,5,-441.81
freightbidbench_tight_x05,17,6,-441.81
freightbidbench_tight_x05,17,7,-441.81
freightbidbench_tight_x05,17,8,-441.81
freightbidbench_tight_x05,17,9,-441.81
freightbidbench_tight_x05,17,10,-441.81
freightbidbench_tight_x05,17,11,-441.81
freightbidbench_tight_x05,17,12,-441.81
freightbidbench_tight_x05,17,13,-441.81
freightbidbench_tight_x05,17,14,-441.81
freightbidbench_tight_x05,17,15,-441.81
freightbidbench_tight_x05,17,16,-441.81
freightbidbench_tight_x05,17,17,-441.81
freightbidbench_tight_x05,17,18,-441.81
freightbidbench_tight_x05,17,19,-441.81
freightbidbench_tight_x05,17,20,-441.81
freightbidbench_tight_x05,17,21,-441.81
freightbidbench_tight_x05,17,22,-441.81
freightbidbench_tight_x05,17,23,-441.81
freightbidbench_tight_x05,17,24,-441.81
freightbidbench_tight_x05,17,25,-441.81
freightbidbench_tight_x05,17,26,-441.81
freightbidbench_tight_x05,17,27,-441.81
freightbidbench_tight_x05,17,28,-441.81
freightbidbench_tight_x05,17,29,-441.81
freightbidbench_tight_x05,17,30,-441.81
freightbidbench_tight_x05,17,31,-441.81
freightbidbench_tight_x05,17,32,-441.81
freightbidbench_tight_x05,17,33,-441.81
freightbidbench_tight_x05,17,34,-441.81
freightbidbench_tight_x05,17,35,-441.81
freightbidbench_tight_x05,17,36,-441.81
freightbidbench_tight_x05,17,37,-441.81
freightbidbench_tight_x05,17,38,-441.81
freightbidbench_tight_x05,17,39,-441.81
freightbidbench_tight_x05,17,40,-441.81
freightbidbench_tight_x05,17,41,-441.81
freightbidbench_tight_x05,17,42,-441.81
freightbidbench_tight_x05,17,43,-441.81
freightbidbench_tight_x05,17,44,-441.81
freightbidbench_tight_x05,17,45,-441.81
freightbidbench_tight_x05,17,46,-441.81
freightbidbench_tight_x05,17,47,-441.81
freightbidbench_tight_x05,17,48,-441.81
freightbidbench_tight_x05,17,49,-441.81
freightbidbench_tight_x05,17,50,-441.81
freightbidbench_tight_x05,17,51,-441.81
freightbidbench_tight_x05,17,52,-441.81
freightbidbench_tight_x05,17,53,-441.81
freightbidbench_tight_x05,17,54,-441.81
freightbidbench_tight_x05,17,55,-441.81
freightbidbench_tight_x05,17,56,-441.81
freightbidbench_tight_x05,17,57,-441.81
freightbidbench_tight_x05,17,58,-441.81
freightbidbench_tight_x05,17,59,-441.81
freightbidbench_tight_x05,17,60,-441.81
freightbidbench_tight_x05,17,61,-441.81
freightbidbench_tight_x05,17,62,-441.81
freightbidbench_tight_x05,17,63,-441.81
freightbidbench_tight_x05,17,64,-441.81
freightbidbench_tight_x05,17,65,-441.81
freightbidbench_tight_x05,17,66,-441.81
freightbidbench_tight_x05,17,67,-441.81
freightbidbench_tight_x05,17,68,-441.81
freightbidbench_tight_x05,17,69,-441.81
freightbidbench_tight_x05,17,70,-441.81
freightbidbench_tight_x05,17,71,-441.81
freightbidbench_tight_x05,17,72,-441.81
freightbidbench_tight_x05,24,0,-488.65
freightbidbench_tight_x05,24,1,-488.65
freightbidbench_tight_x05,24,2,-488.65
freightbidbench_tight_x05,24,3,-488.65
freightbidbench_tight_x05,24,4,-488.65
freightbidbench_tight_x05,24,5,-488.65
freightbidbench_tight_x05,24,6,-488.65
freightbidbench_tight_x05,24,7,-488.65
freightbidbench_tight_x05,24,8,-488.65
freightbidbench_tight_x05,24,9,-488.65
freightbidbench_tight_x05,24,10,-488.65
freightbidbench_tight_x05,24,11,-488.65
freightbidbench_tight_x05,24,12,-488.65
freightbidbench_tight_x05,24,13,-488.65
freightbidbench_tight_x05,24,14,-488.65
freightbidbench_tight_x05,24,15,-488.65
freightbidbench_tight_x05,24,16,-488.65
freightbidbench_tight_x05,24,17,-488.65
freightbidbench_tight_x05,24,18,-488.65
freightbidbench_tight_x05,24,19,-488.65
freightbidbench_tight_x05,24,20,-488.65
freightbidbench_tight_x05,24,21,-488.65
freightbidbench_tight_x05,24,22,-488.65
freightbidbench_tight_x05,24,23,-488.65
freightbidbench_tight_x05,24,24,-488.65
freightbidbench_tight_x05,24,25,-488.65
freightbidbench_tight_x05,24,26,-488.65
freightbidbench_tight_x05,24,27,-488.65
freightbidbench_tight_x05,24,28,-488.65
freightbidbench_tight_x05,24,29,-488.65
freightbidbench_tight_x05,24,30,-488.65
freightbidbench_tight_x05,24,31,-488.65
freightbidbench_tight_x05,24,32,-488.65
freightbidbench_tight_x05,24,33,-488.65
freightbidbench_tight_x05,24,34,-488.65
freightbidbench_tight_x05,24,35,-488.65
freightbidbench_tight_x05,24,36,-488.65
freightbidbench_tight_x05,24,37,-488.65
freightbidbench_tight_x05,24,38,-488.65
freightbidbench_tight_x05,24,39,-488.65
freightbidbench_tight_x05,24,40,-488.65
freightbidbench_tight_x05,24,41,-488.65
freightbidbench_tight_x05,24,42,-488.65
freightbidbench_tight_x05,24,43,-488.65
freightbidbench_tight_x05,24,44,-488.65
freightbidbench_tight_x05,24,45,-488.65
freightbidbench_tight_x05,24,46,-488.65
freightbidbench_tight_x05,24,47,-488.65
freightbidbench_tight_x05,24,48,-488.65
freightbidbench_tight_x05,24,49,-488.65
freightbidbench_tight_x05,24,50,-488.65
freightbidbench_tight_x05,24,51,-488.65
freightbidbench_tight_x05,24,52,-488.65
freightbidbench_tight_x05,24,53,-488.65
freightbidbench_tight_x05,24,54,-488.65
freightbidbench_tight_x05,24,55,-488.65
freightbidbench_tight_x05,24,56,-488.65
freightbidbench_tight_x05,24,57,-488.65
freightbidbench_tight_x05,24,58,-488.65
freightbidbench_tight_x05,24,59,-488.65
freightbidbench_tight_x05,24,60,-488.65
freightbidbench_tight_x05,24,61,-488.65
freightbidbench_tight_x05,24,62,-488.65
freightbidbench_tight_x05,24,63,-488.65
freightbidbench_tight_x05,24,64,-488.65
freightbidbench_tight_x05,24,65,-488.65
freightbidbench_tight_x05,24,66,-488.65
freightbidbench_tight_x05,24,67,-488.65
freightbidbench_tight_x05,24,68,-488.65
freightbidbench_tight_x05,24,69,-488.65
freightbidbench_tight_x05,24,70,-488.65
freightbidbench_tight_x05,24,71,-488.65
freightbidbench_tight_x05,24,72,-488.65
freightbidbench_tight_x05,25,0,-480.07
freightbidbench_tight_x05,25,1,-480.07
freightbidbench_tight_x05,25,2,-480.07
freightbidbench_tight_x05,25,3,-480.07
freightbidbench_tight_x05,25,4,-480.07
freightbidbench_tight_x05,25,5,-480.07
freightbidbench_tight_x05,25,6,-480.07
freightbidbench_tight_x05,25,7,-480.07
freightbidbench_tight_x05,25,8,-480.07
freightbidbench_tight_x05,25,9,-480.07
freightbidbench_tight_x05,25,10,-480.07
freightbidbench_tight_x05,25,11,-480.07
freightbidbench_tight_x05,25,12,-480.07
freightbidbench_tight_x05,25,13,-480.07
freightbidbench_tight_x05,25,14,-480.07
freightbidbench_tight_x05,25,15,-480.07
freightbidbench_tight_x05,25,16,-480.07
freightbidbench_tight_x05,25,17,-480.07
freightbidbench_tight_x05,25,18,-480.07
freightbidbench_tight_x05,25,19,-480.07
freightbidbench_tight_x05,25,20,-480.07
freightbidbench_tight_x05,25,21,-480.07
freightbidbench_tight_x05,25,22,-480.07
freightbidbench_tight_x05,25,23,-480.07
freightbidbench_tight_x05,25,24,-480.07
freightbidbench_tight_x05,25,25,-480.07
freightbidbench_tight_x05,25,26,-480.07
freightbidbench_tight_x05,25,27,-480.07
freightbidbench_tight_x05,25,28,-480.07
freightbidbench_tight_x05,25,29,-480.07
freightbidbench_tight_x05,25,30,-480.07
freightbidbench_tight_x05,25,31,-480.07
freightbidbench_tight_x05,25,32,-480.07
freightbidbench_tight_x05,25,33,-480.07
freightbidbench_tight_x05,25,34,-480.07
freightbidbench_tight_x05,25,35,-480.07
freightbidbench_tight_x05,25,36,-480.07
freightbidbench_tight_x05,25,37,-480.07
freightbidbench_tight_x05,25,38,-480.07
freightbidbench_tight_x05,25,39,-480.07
freightbidbench_tight_x05,25,40,-480.07
freightbidbench_tight_x05,25,41,-480.07
freightbidbench_tight_x05,25,42,-480.07
freightbidbench_tight_x05,25,43,-480.07
freightbidbench_tight_x05,25,44,-480.07
freightbidbench_tight_x05,25,45,-480.07
freightbidbench_tight_x05,25,46,-480.07
freightbidbench_tight_x05,25,47,-480.07
freightbidbench_tight_x05,25,48,-480.07
freightbidbench_tight_x05,25,49,-480.07
freightbidbench_tight_x05,25,50,-480.07
freightbidbench_tight_x05,25,51,-480.07
freightbidbench_tight_x05,25,52,-480.07
freightbidbench_tight_x05,25,53,-480.07
freightbidbench_tight_x05,25,54,-480.07
freightbidbench_tight_x05,25,55,-480.07
freightbidbench_tight_x05,25,56,-480.07
freightbidbench_tight_x05,25,57,-480.07
freightbidbench_tight_x05,25,58,-480.07
freightbidbench_tight_x05,25,59,-480.07
freightbidbench_tight_x05,25,60,-480.07
freightbidbench_tight_x05,25,61,-480.07
freightbidbench_tight_x05,25,62,-480.07
freightbidbench_tight_x05,25,63,-480.07
freightbidbench_tight_x05,25,64,-480.07
freightbidbench_tight_x05,25,65,-480.07
freightbidbench_tight_x05,25,66,-480.07
freightbidbench_tight_x05,25,67,-480.07
freightbidbench_tight_x05,25,68,-480.07
freightbidbench_tight_x05,25,69,-480.07
freightbidbench_tight_x05,25,70,-480.07
freightbidbench_tight_x05,25,71,-480.07
freightbidbench_tight_x05,25,72,-480.07
freightbidbench_tight_x05,36,0,-600.30
freightbidbench_tight_x05,36,1,-600.30
freightbidbench_tight_x05,36,2,-600.30
freightbidbench_tight_x05,36,3,-600.30
freightbidbench_tight_x05,36,4,-600.30
freightbidbench_tight_x05,36,5,-600.30
freightbidbench_tight_x05,36,6,-600.30
freightbidbench_tight_x05,36,7,-600.30
freightbidbench_tight_x05,36,8,-600.30
freightbidbench_tight_x05,36,9,-600.30
freightbidbench_tight_x05,36,10,-600.30
freightbidbench_tight_x05,36,11,-600.30
freightbidbench_tight_x05,36,12,-600.30
freightbidbench_tight_x05,36,13,-600.30
freightbidbench_tight_x05,36,14,-600.30
freightbidbench_tight_x05,36,15,-600.30
freightbidbench_tight_x05,36,16,-600.30
freightbidbench_tight_x05,36,17,-600.30
freightbidbench_tight_x05,36,18,-600.30
freightbidbench_tight_x05,36,19,-600.30
freightbidbench_tight_x05,36,20,-600.30
freightbidbench_tight_x05,36,21,-600.30
freightbidbench_tight_x05,36,22,-600.30
freightbidbench_tight_x05,36,23,-600.30
freightbidbench_tight_x05,36,24,-600.30
freightbidbench_tight_x05,36,25,-600.30
freightbidbench_tight_x05,36,26,-600.30
freightbidbench_tight_x05,36,27,-600.30
freightbidbench_tight_x05,36,28,-600.30
freightbidbench_tight_x05,36,29,-600.30
freightbidbench_tight_x05,36,30,-600.30
freightbidbench_tight_x05,36,31,-600.30
freightbidbench_tight_x05,36,32,-600.30
freightbidbench_tight_x05,36,33,-600.30
freightbidbench_tight_x05,36,34,-600.30
freightbidbench_tight_x05,36,35,-600.30
freightbidbench_tight_x05,36,36,-600.30
freightbidbench_tight_x05,36,37,-600.30
freightbidbench_tight_x05,36,38,-600.30
freightbidbench_tight_x05,36,39,-600.30
freightbidbench_tight_x05,36,40,-600.30
freightbidbench_tight_x05,36,41,-600.30
freightbidbench_tight_x05,36,42,-600.30
freightbidbench_tight_x05,36,43,-600.30
freightbidbench_tight_x05,36,44,-600.30
freightbidbench_tight_x05,36,45,-600.30
freightbidbench_tight_x05,36,46,-600.30
freightbidbench_tight_x05,36,47,-600.30
freightbidbench_tight_x05,36,48,-600.30
freightbidbench_tight_x05,36,49,-600.30
freightbidbench_tight_x05,36,50,-600.30
freightbidbench_tight_x05,36,51,-600.30
freightbidbench_tight_x05,36,52,-600.30
freightbidbench_tight_x05,36,53,-600.30
freightbidbench_tight_x05,36,54,-600.30
freightbidbench_tight_x05,36,55,-600.30
freightbidbench_tight_x05,36,56,-600.30
freightbidbench_tight_x05,36,57,-600.30
freightbidbench_tight_x05,36,58,-600.30
freightbidbench_tight_x05,36,59,-600.30
freightbidbench_tight_x05,36,60,-600.30
freightbidbench_tight_x05,36,61,-600.30
freightbidbench_tight_x05,36,62,-600.30
freightbidbench_tight_x05,36,63,-600.30
freightbidbench_tight_x05,36,64,-600.30
freightbidbench_tight_x05,36,65,-600.30
freightbidbench_tight_x05,36,66,-600.30
freightbidbench_tight_x05,36,67,-600.30
freightbidbench_tight_x05,36,68,-600.30
freightbidbench_tight_x05,36,69,-600.30
freightbidbench_tight_x05,36,70,-600.30
freightbidbench_tight_x05,36,71,-600.30
freightbidbench_tight_x05,36,72,-600.30
freightbidbench_tight_x05,42,0,-509.15
freightbidbench_tight_x05,42,1,-509.15
freightbidbench_tight_x05,42,2,-509.15
freightbidbench_tight_x05,42,3,-509.15
freightbidbench_tight_x05,42,4,-509.15
freightbidbench_tight_x05,42,5,-509.15
freightbidbench_tight_x05,42,6,-509.15
freightbidbench_tight_x05,42,7,-509.15
freightbidbench_tight_x05,42,8,-509.15
freightbidbench_tight_x05,42,9,-509.15
freightbidbench_tight_x05,42,10,-509.15
freightbidbench_tight_x05,42,11,-509.15
freightbidbench_tight_x05,42,12,-509.15
freightbidbench_tight_x05,42,13,-509.15
freightbidbench_tight_x05,42,14,-509.15
freightbidbench_tight_x05,42,15,-509.15
freightbidbench_tight_x05,42,16,-509.15
freightbidbench_tight_x05,42,17,-509.15
freightbidbench_tight_x05,42,18,-509.15
freightbidbench_tight_x05,42,19,-509.15
freightbidbench_tight_x05,42,20,-509.15
freightbidbench_tight_x05,42,21,-509.15
freightbidbench_tight_x05,42,22,-509.15
freightbidbench_tight_x05,42,23,-509.15
freightbidbench_tight_x05,42,24,-509.15
freightbidbench_tight_x05,42,25,-509.15
freightbidbench_tight_x05,42,26,-509.15
freightbidbench_tight_x05,42,27,-509.15
freightbidbench_tight_x05,42,28,-509.15
freightbidbench_tight_x05,42,29,-509.15
freightbidbench_tight_x05,42,30,-509.15
freightbidbench_tight_x05,42,31,-509.15
freightbidbench_tight_x05,42,32,-509.15
freightbidbench_tight_x05,42,33,-509.15
freightbidbench_tight_x05,42,34,-509.15
freightbidbench_tight_x05,42,35,-509.15
freightbidbench_tight_x05,42,36,-509.15
freightbidbench_tight_x05,42,37,-509.15
freightbidbench_tight_x05,42,38,-509.15
freightbidbench_tight_x05,42,39,-509.15
freightbidbench_tight_x05,42,40,-509.15
freightbidbench_tight_x05,42,41,-509.15
freightbidbench_tight_x05,42,42,-509.15
freightbidbench_tight_x05,42,43,-509.15
freightbidbench_tight_x05,42,44,-509.15
freightbidbench_tight_x05,42,45,-509.15
freightbidbench_tight_x05,42,46,-509.15
freightbidbench_tight_x05,42,47,-509.15
freightbidbench_tight_x05,42,48,-509.15
freightbidbench_tight_x05,42,49,-509.15
freightbidbench_tight_x05,42,50,-509.15
freightbidbench_tight_x05,42,51,-509.15
freightbidbench_tight_x05,42,52,-509.15
freightbidbench_tight_x05,42,53,-509.15
freightbidbench_tight_x05,42,54,-509.15
freightbidbench_tight_x05,42,55,-509.15
freightbidbench_tight_x05,42,56,-509.15
freightbidbench_tight_x05,42,57,-509.15
freightbidbench_tight_x05,42,58,-509.15
freightbidbench_tight_x05,42,59,-509.15
freightbidbench_tight_x05,42,60,-509.15
freightbidbench_tight_x05,42,61,-509.15
freightbidbench_tight_x05,42,62,-509.15
freightbidbench_tight_x05,42,63,-509.15
freightbidbench_tight_x05,42,64,-509.15
freightbidbench_tight_x05,42,65,-509.15
freightbidbench_tight_x05,42,66,-509.15
freightbidbench_tight_x05,42,67,-509.15
freightbidbench_tight_x05,42,68,-509.15
freightbidbench_tight_x05,42,69,-509.15
freightbidbench_tight_x05,42,70,-509.15
freightbidbench_tight_x05,42,71,-509.15
freightbidbench_tight_x05,42,72,-509.15
freightbidbench_tight_x05,48,0,24692.95
freightbidbench_tight_x05,48,1,24692.95
freightbidbench_tight_x05,48,2,23277.77
freightbidbench_tight_x05,48,3,23251.04
freightbidbench_tight_x05,48,4,23251.04
freightbidbench_tight_x05,48,5,22766.75
freightbidbench_tight_x05,48,6,22766.75
freightbidbench_tight_x05,48,7,22574.00
freightbidbench_tight_x05,48,8,22574.00
freightbidbench_tight_x05,48,9,21423.95
freightbidbench_tight_x05,48,10,21423.95
freightbidbench_tight_x05,48,11,21423.95
freightbidbench_tight_x05,48,12,21423.95
freightbidbench_tight_x05,48,13,21423.95
freightbidbench_tight_x05,48,14,20731.29
freightbidbench_tight_x05,48,15,20423.49
freightbidbench_tight_x05,48,16,19446.95
freightbidbench_tight_x05,48,17,18165.01
freightbidbench_tight_x05,48,18,18165.01
freightbidbench_tight_x05,48,19,18165.01
freightbidbench_tight_x05,48,20,18033.03
freightbidbench_tight_x05,48,21,17893.61
freightbidbench_tight_x05,48,22,17893.61
freightbidbench_tight_x05,48,23,17489.78
freightbidbench_tight_x05,48,24,17425.37
freightbidbench_tight_x05,48,25,15983.65
freightbidbench_tight_x05,48,26,15983.65
freightbidbench_tight_x05,48,27,15983.65
freightbidbench_tight_x05,48,28,15983.65
freightbidbench_tight_x05,48,29,15983.65
freightbidbench_tight_x05,48,30,15627.99
freightbidbench_tight_x05,48,31,15571.10
freightbidbench_tight_x05,48,32,13856.69
freightbidbench_tight_x05,48,33,13856.69
freightbidbench_tight_x05,48,34,13856.69
freightbidbench_tight_x05,48,35,13670.92
freightbidbench_tight_x05,48,36,13670.92
freightbidbench_tight_x05,48,37,13670.92
freightbidbench_tight_x05,48,38,13670.92
freightbidbench_tight_x05,48,39,12753.06
freightbidbench_tight_x05,48,40,11848.21
freightbidbench_tight_x05,48,41,10703.00
freightbidbench_tight_x05,48,42,10479.45
freightbidbench_tight_x05,48,43,10479.45
freightbidbench_tight_x05,48,44,10479.45
freightbidbench_tight_x05,48,45,10325.50
freightbidbench_tight_x05,48,46,10325.50
freightbidbench_tight_x05,48,47,10091.88
freightbidbench_tight_x05,48,48,9848.92
freightbidbench_tight_x05,48,49,8595.29
freightbidbench_tight_x05,48,50,8595.29
freightbidbench_tight_x05,48,51,8595.29
freightbidbench_tight_x05,48,52,8595.29
freightbidbench_tight_x05,48,53,8387.07
freightbidbench_tight_x05,48,54,8169.70
freightbidbench_tight_x05,48,55,8169.70
freightbidbench_tight_x05,48,56,6343.35
freightbidbench_tight_x05,48,57,6343.35
freightbidbench_tight_x05,48,58,6343.35
freightbidbench_tight_x05,48,59,6343.35
freightbidbench_tight_x05,48,60,6199.17
freightbidbench_tight_x05,48,61,6199.17
freightbidbench_tight_x05,48,62,6199.17
freightbidbench_tight_x05,48,63,5771.49
freightbidbench_tight_x05,48,64,2916.94
freightbidbench_tight_x05,48,65,2774.46
freightbidbench_tight_x05,48,66,2774.46
freightbidbench_tight_x05,48,67,2774.46
freightbidbench_tight_x05,48,68,2774.46
freightbidbench_tight_x05,48,69,2774.46
freightbidbench_tight_x05,48,70,2774.46
freightbidbench_tight_x05,48,71,2774.46
freightbidbench_tight_x05,48,72,692.84
freightbidbench_tight_x05,53,0,1611.57
freightbidbench_tight_x05,53,1,1611.57
freightbidbench_tight_x05,53,2,1611.57
freightbidbench_tight_x05,53,3,1611.57
freightbidbench_tight_x05,53,4,1611.57
freightbidbench_tight_x05,53,5,1611.57
freightbidbench_tight_x05,53,6,1611.57
freightbidbench_tight_x05,53,7,1611.57
freightbidbench_tight_x05,53,8,1611.57
freightbidbench_tight_x05,53,9,1611.57
freightbidbench_tight_x05,53,10,1611.57
freightbidbench_tight_x05,53,11,-589.25
freightbidbench_tight_x05,53,12,-589.25
freightbidbench_tight_x05,53,13,-589.25
freightbidbench_tight_x05,53,14,-589.25
freightbidbench_tight_x05,53,15,-589.25
freightbidbench_tight_x05,53,16,-589.25
freightbidbench_tight_x05,53,17,-589.25
freightbidbench_tight_x05,53,18,-589.25
freightbidbench_tight_x05,53,19,-589.25
freightbidbench_tight_x05,53,20,-589.25
freightbidbench_tight_x05,53,21,-589.25
freightbidbench_tight_x05,53,22,-589.25
freightbidbench_tight_x05,53,23,-589.25
freightbidbench_tight_x05,53,24,-589.25
freightbidbench_tight_x05,53,25,-589.25
freightbidbench_tight_x05,53,26,-589.25
freightbidbench_tight_x05,53,27,-589.25
freightbidbench_tight_x05,53,28,-589.25
freightbidbench_tight_x05,53,29,-589.25
freightbidbench_tight_x05,53,30,-589.25
freightbidbench_tight_x05,53,31,-589.25
freightbidbench_tight_x05,53,32,-589.25
freightbidbench_tight_x05,53,33,-589.25
freightbidbench_tight_x05,53,34,-589.25
freightbidbench_tight_x05,53,35,-589.25
freightbidbench_tight_x05,53,36,-589.25
freightbidbench_tight_x05,53,37,-589.25
freightbidbench_tight_x05,53,38,-589.25
freightbidbench_tight_x05,53,39,-589.25
freightbidbench_tight_x05,53,40,-589.25
freightbidbench_tight_x05,53,41,-589.25
freightbidbench_tight_x05,53,42,-589.25
freightbidbench_tight_x05,53,43,-589.25
freightbidbench_tight_x05,53,44,-589.25
freightbidbench_tight_x05,53,45,-589.25
freightbidbench_tight_x05,53,46,-589.25
freightbidbench_tight_x05,53,47,-589.25
freightbidbench_tight_x05,53,48,-589.25
freightbidbench_tight_x05,53,49,-589.25
freightbidbench_tight_x05,53,50,-589.25
freightbidbench_tight_x05,53,51,-589.25
freightbidbench_tight_x05,53,52,-589.25
freightbidbench_tight_x05,53,53,-589.25
freightbidbench_tight_x05,53,54,-589.25
freightbidbench_tight_x05,53,55,-589.25
freightbidbench_tight_x05,53,56,-589.25
freightbidbench_tight_x05,53,57,-589.25
freightbidbench_tight_x05,53,58,-589.25
freightbidbench_tight_x05,53,59,-589.25
freightbidbench_tight_x05,53,60,-589.25
freightbidbench_tight_x05,53,61,-589.25
freightbidbench_tight_x05,53,62,-589.25
freightbidbench_tight_x05,53,63,-589.25
freightbidbench_tight_x05,53,64,-589.25
freightbidbench_tight_x05,53,65,-589.25
freightbidbench_tight_x05,53,66,-589.25
freightbidbench_tight_x05,53,67,-589.25
freightbidbench_tight_x05,53,68,-589.25
freightbidbench_tight_x05,53,69,-589.25
freightbidbench_tight_x05,53,70,-589.25
freightbidbench_tight_x05,53,71,-589.25
freightbidbench_tight_x05,53,72,-589.25
freightbidbench_tight_x1,04,0,2216.71
freightbidbench_tight_x1,04,1,2216.71
freightbidbench_tight_x1,04,2,2216.71
freightbidbench_tight_x1,04,3,2216.71
freightbidbench_tight_x1,04,4,2216.71
freightbidbench_tight_x1,04,5,2216.71
freightbidbench_tight_x1,04,6,2216.71
freightbidbench_tight_x1,04,7,2216.71
freightbidbench_tight_x1,04,8,2216.71
freightbidbench_tight_x1,04,9,2216.71
freightbidbench_tight_x1,04,10,2216.71
freightbidbench_tight_x1,04,11,2216.71
freightbidbench_tight_x1,04,12,2216.71
freightbidbench_tight_x1,04,13,2216.71
freightbidbench_tight_x1,04,14,2216.71
freightbidbench_tight_x1,04,15,2216.71
freightbidbench_tight_x1,04,16,2216.71
freightbidbench_tight_x1,04,17,2216.71
freightbidbench_tight_x1,04,18,2216.71
freightbidbench_tight_x1,04,19,2216.71
freightbidbench_tight_x1,04,20,2216.71
freightbidbench_tight_x1,04,21,2216.71
freightbidbench_tight_x1,04,22,2216.71
freightbidbench_tight_x1,04,23,2216.71
freightbidbench_tight_x1,04,24,2216.71
freightbidbench_tight_x1,04,25,2216.71
freightbidbench_tight_x1,04,26,2216.71
freightbidbench_tight_x1,04,27,2216.71
freightbidbench_tight_x1,04,28,2216.71
freightbidbench_tight_x1,04,29,2216.71
freightbidbench_tight_x1,04,30,2216.71
freightbidbench_tight_x1,04,31,2216.71
freightbidbench_tight_x1,04,32,2216.71
freightbidbench_tight_x1,04,33,2216.71
freightbidbench_tight_x1,04,34,2216.71
freightbidbench_tight_x1,04,35,2216.71
freightbidbench_tight_x1,04,36,2216.71
freightbidbench_tight_x1,04,37,2216.71
freightbidbench_tight_x1,04,38,2216.71
freightbidbench_tight_x1,04,39,1108.53
freightbidbench_tight_x1,04,40,1108.53
freightbidbench_tight_x1,04,41,1108.53
freightbidbench_tight_x1,04,42,1108.53
freightbidbench_tight_x1,04,43,1108.53
freightbidbench_tight_x1,04,44,1108.53
freightbidbench_tight_x1,04,45,1108.53
freightbidbench_tight_x1,04,46,1108.53
freightbidbench_tight_x1,04,47,1108.53
freightbidbench_tight_x1,04,48,1108.53
freightbidbench_tight_x1,04,49,1108.53
freightbidbench_tight_x1,04,50,1108.53
freightbidbench_tight_x1,04,51,805.79
freightbidbench_tight_x1,04,52,805.79
freightbidbench_tight_x1,04,53,805.79
freightbidbench_tight_x1,04,54,805.79
freightbidbench_tight_x1,04,55,805.79
freightbidbench_tight_x1,04,56,805.79
freightbidbench_tight_x1,04,57,805.79
freightbidbench_tight_x1,04,58,805.79
freightbidbench_tight_x1,04,59,805.79
freightbidbench_tight_x1,04,60,805.79
freightbidbench_tight_x1,04,61,805.79
freightbidbench_tight_x1,04,62,805.79
freightbidbench_tight_x1,04,63,805.79
freightbidbench_tight_x1,04,64,-546.21
freightbidbench_tight_x1,04,65,-546.21
freightbidbench_tight_x1,04,66,-546.21
freightbidbench_tight_x1,04,67,-546.21
freightbidbench_tight_x1,04,68,-546.21
freightbidbench_tight_x1,04,69,-546.21
freightbidbench_tight_x1,04,70,-546.21
freightbidbench_tight_x1,04,71,-546.21
freightbidbench_tight_x1,04,72,-546.21
freightbidbench_tight_x1,06,0,846.17
freightbidbench_tight_x1,06,1,846.17
freightbidbench_tight_x1,06,2,846.17
freightbidbench_tight_x1,06,3,846.17
freightbidbench_tight_x1,06,4,846.17
freightbidbench_tight_x1,06,5,846.17
freightbidbench_tight_x1,06,6,846.17
freightbidbench_tight_x1,06,7,846.17
freightbidbench_tight_x1,06,8,846.17
freightbidbench_tight_x1,06,9,846.17
freightbidbench_tight_x1,06,10,846.17
freightbidbench_tight_x1,06,11,846.17
freightbidbench_tight_x1,06,12,846.17
freightbidbench_tight_x1,06,13,846.17
freightbidbench_tight_x1,06,14,733.85
freightbidbench_tight_x1,06,15,733.85
freightbidbench_tight_x1,06,16,733.85
freightbidbench_tight_x1,06,17,733.85
freightbidbench_tight_x1,06,18,733.85
freightbidbench_tight_x1,06,19,733.85
freightbidbench_tight_x1,06,20,733.85
freightbidbench_tight_x1,06,21,733.85
freightbidbench_tight_x1,06,22,733.85
freightbidbench_tight_x1,06,23,733.85
freightbidbench_tight_x1,06,24,733.85
freightbidbench_tight_x1,06,25,733.85
freightbidbench_tight_x1,06,26,733.85
freightbidbench_tight_x1,06,27,733.85
freightbidbench_tight_x1,06,28,733.85
freightbidbench_tight_x1,06,29,733.85
freightbidbench_tight_x1,06,30,733.85
freightbidbench_tight_x1,06,31,733.85
freightbidbench_tight_x1,06,32,733.85
freightbidbench_tight_x1,06,33,733.85
freightbidbench_tight_x1,06,34,733.85
freightbidbench_tight_x1,06,35,733.85
freightbidbench_tight_x1,06,36,733.85
freightbidbench_tight_x1,06,37,733.85
freightbidbench_tight_x1,06,38,733.85
freightbidbench_tight_x1,06,39,733.85
freightbidbench_tight_x1,06,40,733.85
freightbidbench_tight_x1,06,41,733.85
freightbidbench_tight_x1,06,42,733.85
freightbidbench_tight_x1,06,43,733.85
freightbidbench_tight_x1,06,44,733.85
freightbidbench_tight_x1,06,45,733.85
freightbidbench_tight_x1,06,46,733.85
freightbidbench_tight_x1,06,47,733.85
freightbidbench_tight_x1,06,48,733.85
freightbidbench_tight_x1,06,49,733.85
freightbidbench_tight_x1,06,50,733.85
freightbidbench_tight_x1,06,51,733.85
freightbidbench_tight_x1,06,52,733.85
freightbidbench_tight_x1,06,53,733.85
freightbidbench_tight_x1,06,54,733.85
freightbidbench_tight_x1,06,55,733.85
freightbidbench_tight_x1,06,56,733.85
freightbidbench_tight_x1,06,57,733.85
freightbidbench_tight_x1,06,58,733.85
freightbidbench_tight_x1,06,59,733.85
freightbidbench_tight_x1,06,60,733.85
freightbidbench_tight_x1,06,61,733.85
freightbidbench_tight_x1,06,62,733.85
freightbidbench_tight_x1,06,63,733.85
freightbidbench_tight_x1,06,64,733.85
freightbidbench_tight_x1,06,65,733.85
freightbidbench_tight_x1,06,66,-485.10
freightbidbench_tight_x1,06,67,-485.10
freightbidbench_tight_x1,06,68,-485.10
freightbidbench_tight_x1,06,69,-485.10
freightbidbench_tight_x1,06,70,-485.10
freightbidbench_tight_x1,06,71,-485.10
freightbidbench_tight_x1,06,72,-485.10
freightbidbench_tight_x1,08,0,-548.57
freightbidbench_tight_x1,08,1,-548.57
freightbidbench_tight_x1,08,2,-548.57
freightbidbench_tight_x1,08,3,-548.57
freightbidbench_tight_x1,08,4,-548.57
freightbidbench_tight_x1,08,5,-548.57
freightbidbench_tight_x1,08,6,-548.57
freightbidbench_tight_x1,08,7,-548.57
freightbidbench_tight_x1,08,8,-548.57
freightbidbench_tight_x1,08,9,-548.57
freightbidbench_tight_x1,08,10,-548.57
freightbidbench_tight_x1,08,11,-548.57
freightbidbench_tight_x1,08,12,-548.57
freightbidbench_tight_x1,08,13,-548.57
freightbidbench_tight_x1,08,14,-548.57
freightbidbench_tight_x1,08,15,-548.57
freightbidbench_tight_x1,08,16,-548.57
freightbidbench_tight_x1,08,17,-548.57
freightbidbench_tight_x1,08,18,-548.57
freightbidbench_tight_x1,08,19,-548.57
freightbidbench_tight_x1,08,20,-548.57
freightbidbench_tight_x1,08,21,-548.57
freightbidbench_tight_x1,08,22,-548.57
freightbidbench_tight_x1,08,23,-548.57
freightbidbench_tight_x1,08,24,-548.57
freightbidbench_tight_x1,08,25,-548.57
freightbidbench_tight_x1,08,26,-548.57
freightbidbench_tight_x1,08,27,-548.57
freightbidbench_tight_x1,08,28,-548.57
freightbidbench_tight_x1,08,29,-548.57
freightbidbench_tight_x1,08,30,-548.57
freightbidbench_tight_x1,08,31,-548.57
freightbidbench_tight_x1,08,32,-548.57
freightbidbench_tight_x1,08,33,-548.57
freightbidbench_tight_x1,08,34,-548.57
freightbidbench_tight_x1,08,35,-548.57
freightbidbench_tight_x1,08,36,-548.57
freightbidbench_tight_x1,08,37,-548.57
freightbidbench_tight_x1,08,38,-548.57
freightbidbench_tight_x1,08,39,-548.57
freightbidbench_tight_x1,08,40,-548.57
freightbidbench_tight_x1,08,41,-548.57
freightbidbench_tight_x1,08,42,-548.57
freightbidbench_tight_x1,08,43,-548.57
freightbidbench_tight_x1,08,44,-548.57
freightbidbench_tight_x1,08,45,-548.57
freightbidbench_tight_x1,08,46,-548.57
freightbidbench_tight_x1,08,47,-548.57
freightbidbench_tight_x1,08,48,-548.57
freightbidbench_tight_x1,08,49,-548.57
freightbidbench_tight_x1,08,50,-548.57
freightbidbench_tight_x1,08,51,-548.57
freightbidbench_tight_x1,08,52,-548.57
freightbidbench_tight_x1,08,53,-548.57
freightbidbench_tight_x1,08,54,-548.57
freightbidbench_tight_x1,08,55,-548.57
freightbidbench_tight_x1,08,56,-548.57
freightbidbench_tight_x1,08,57,-548.57
freightbidbench_tight_x1,08,58,-548.57
freightbidbench_tight_x1,08,59,-548.57
freightbidbench_tight_x1,08,60,-548.57
freightbidbench_tight_x1,08,61,-548.57
freightbidbench_tight_x1,08,62,-548.57
freightbidbench_tight_x1,08,63,-548.57
freightbidbench_tight_x1,08,64,-548.57
freightbidbench_tight_x1,08,65,-548.57
freightbidbench_tight_x1,08,66,-548.57
freightbidbench_tight_x1,08,67,-548.57
freightbidbench_tight_x1,08,68,-548.57
freightbidbench_tight_x1,08,69,-548.57
freightbidbench_tight_x1,08,70,-548.57
freightbidbench_tight_x1,08,71,-548.57
freightbidbench_tight_x1,08,72,-548.57
freightbidbench_tight_x1,12,0,-750.00
freightbidbench_tight_x1,12,1,-750.00
freightbidbench_tight_x1,12,2,-750.00
freightbidbench_tight_x1,12,3,-750.00
freightbidbench_tight_x1,12,4,-750.00
freightbidbench_tight_x1,12,5,-750.00
freightbidbench_tight_x1,12,6,-750.00
freightbidbench_tight_x1,12,7,-750.00
freightbidbench_tight_x1,12,8,-750.00
freightbidbench_tight_x1,12,9,-750.00
freightbidbench_tight_x1,12,10,-750.00
freightbidbench_tight_x1,12,11,-750.00
freightbidbench_tight_x1,12,12,-750.00
freightbidbench_tight_x1,12,13,-750.00
freightbidbench_tight_x1,12,14,-750.00
freightbidbench_tight_x1,12,15,-750.00
freightbidbench_tight_x1,12,16,-750.00
freightbidbench_tight_x1,12,17,-750.00
freightbidbench_tight_x1,12,18,-750.00
freightbidbench_tight_x1,12,19,-750.00
freightbidbench_tight_x1,12,20,-750.00
freightbidbench_tight_x1,12,21,-750.00
freightbidbench_tight_x1,12,22,-750.00
freightbidbench_tight_x1,12,23,-750.00
freightbidbench_tight_x1,12,24,-750.00
freightbidbench_tight_x1,12,25,-750.00
freightbidbench_tight_x1,12,26,-750.00
freightbidbench_tight_x1,12,27,-750.00
freightbidbench_tight_x1,12,28,-750.00
freightbidbench_tight_x1,12,29,-750.00
freightbidbench_tight_x1,12,30,-750.00
freightbidbench_tight_x1,12,31,-750.00
freightbidbench_tight_x1,12,32,-750.00
freightbidbench_tight_x1,12,33,-750.00
freightbidbench_tight_x1,12,34,-750.00
freightbidbench_tight_x1,12,35,-750.00
freightbidbench_tight_x1,12,36,-750.00
freightbidbench_tight_x1,12,37,-750.00
freightbidbench_tight_x1,12,38,-750.00
freightbidbench_tight_x1,12,39,-750.00
freightbidbench_tight_x1,12,40,-750.00
freightbidbench_tight_x1,12,41,-750.00
freightbidbench_tight_x1,12,42,-750.00
freightbidbench_tight_x1,12,43,-750.00
freightbidbench_tight_x1,12,44,-750.00
freightbidbench_tight_x1,12,45,-750.00
freightbidbench_tight_x1,12,46,-750.00
freightbidbench_tight_x1,12,47,-750.00
freightbidbench_tight_x1,12,48,-750.00
freightbidbench_tight_x1,12,49,-750.00
freightbidbench_tight_x1,12,50,-750.00
freightbidbench_tight_x1,12,51,-750.00
freightbidbench_tight_x1,12,52,-750.00
freightbidbench_tight_x1,12,53,-750.00
freightbidbench_tight_x1,12,54,-750.00
freightbidbench_tight_x1,12,55,-750.00
freightbidbench_tight_x1,12,56,-750.00
freightbidbench_tight_x1,12,57,-750.00
freightbidbench_tight_x1,12,58,-750.00
freightbidbench_tight_x1,12,59,-750.00
freightbidbench_tight_x1,12,60,-750.00
freightbidbench_tight_x1,12,61,-750.00
freightbidbench_tight_x1,12,62,-750.00
freightbidbench_tight_x1,12,63,-750.00
freightbidbench_tight_x1,12,64,-750.00
freightbidbench_tight_x1,12,65,-750.00
freightbidbench_tight_x1,12,66,-750.00
freightbidbench_tight_x1,12,67,-750.00
freightbidbench_tight_x1,12,68,-750.00
freightbidbench_tight_x1,12,69,-750.00
freightbidbench_tight_x1,12,70,-750.00
freightbidbench_tight_x1,12,71,-750.00
freightbidbench_tight_x1,12,72,-750.00
freightbidbench_tight_x1,13,0,30443.24
freightbidbench_tight_x1,13,1,30443.24
freightbidbench_tight_x1,13,2,30443.24
freightbidbench_tight_x1,13,3,29045.07
freightbidbench_tight_x1,13,4,28994.41
freightbidbench_tight_x1,13,5,28863.06
freightbidbench_tight_x1,13,6,28845.76
freightbidbench_tight_x1,13,7,28570.32
freightbidbench_tight_x1,13,8,28570.32
freightbidbench_tight_x1,13,9,28570.32
freightbidbench_tight_x1,13,10,28570.32
freightbidbench_tight_x1,13,11,26994.58
freightbidbench_tight_x1,13,12,26994.58
freightbidbench_tight_x1,13,13,26994.58
freightbidbench_tight_x1,13,14,26647.25
freightbidbench_tight_x1,13,15,26647.25
freightbidbench_tight_x1,13,16,25144.39
freightbidbench_tight_x1,13,17,25144.39
freightbidbench_tight_x1,13,18,24648.32
freightbidbench_tight_x1,13,19,24648.32
freightbidbench_tight_x1,13,20,24648.32
freightbidbench_tight_x1,13,21,22362.38
freightbidbench_tight_x1,13,22,22362.38
freightbidbench_tight_x1,13,23,22362.38
freightbidbench_tight_x1,13,24,22362.38
freightbidbench_tight_x1,13,25,22362.38
freightbidbench_tight_x1,13,26,22323.99
freightbidbench_tight_x1,13,27,22323.99
freightbidbench_tight_x1,13,28,19879.27
freightbidbench_tight_x1,13,29,19858.70
freightbidbench_tight_x1,13,30,19247.37
freightbidbench_tight_x1,13,31,19247.37
freightbidbench_tight_x1,13,32,19247.37
freightbidbench_tight_x1,13,33,19247.37
freightbidbench_tight_x1,13,34,16772.61
freightbidbench_tight_x1,13,35,16647.06
freightbidbench_tight_x1,13,36,16647.06
freightbidbench_tight_x1,13,37,16647.06
freightbidbench_tight_x1,13,38,16395.55
freightbidbench_tight_x1,13,39,15110.37
freightbidbench_tight_x1,13,40,14824.63
freightbidbench_tight_x1,13,41,13831.84
freightbidbench_tight_x1,13,42,13082.21
freightbidbench_tight_x1,13,43,13082.21
freightbidbench_tight_x1,13,44,13082.21
freightbidbench_tight_x1,13,45,11974.30
freightbidbench_tight_x1,13,46,11974.30
freightbidbench_tight_x1,13,47,11974.30
freightbidbench_tight_x1,13,48,10726.76
freightbidbench_tight_x1,13,49,10707.98
freightbidbench_tight_x1,13,50,10220.54
freightbidbench_tight_x1,13,51,10220.54
freightbidbench_tight_x1,13,52,9258.46
freightbidbench_tight_x1,13,53,9084.21
freightbidbench_tight_x1,13,54,8779.49
freightbidbench_tight_x1,13,55,8779.49
freightbidbench_tight_x1,13,56,8779.49
freightbidbench_tight_x1,13,57,7559.65
freightbidbench_tight_x1,13,58,7559.65
freightbidbench_tight_x1,13,59,7559.65
freightbidbench_tight_x1,13,60,7559.65
freightbidbench_tight_x1,13,61,6037.74
freightbidbench_tight_x1,13,62,5553.69
freightbidbench_tight_x1,13,63,4693.99
freightbidbench_tight_x1,13,64,4693.99
freightbidbench_tight_x1,13,65,2764.39
freightbidbench_tight_x1,13,66,2541.66
freightbidbench_tight_x1,13,67,2541.66
freightbidbench_tight_x1,13,68,2374.52
freightbidbench_tight_x1,13,69,2374.52
freightbidbench_tight_x1,13,70,2374.52
freightbidbench_tight_x1,13,71,2374.52
freightbidbench_tight_x1,13,72,-372.02
freightbidbench_tight_x1,17,0,-441.81
freightbidbench_tight_x1,17,1,-441.81
freightbidbench_tight_x1,17,2,-441.81
freightbidbench_tight_x1,17,3,-441.81
freightbidbench_tight_x1,17,4,-441.81
freightbidbench_tight_x1,17,5,-441.81
freightbidbench_tight_x1,17,6,-441.81
freightbidbench_tight_x1,17,7,-441.81
freightbidbench_tight_x1,17,8,-441.81
freightbidbench_tight_x1,17,9,-441.81
freightbidbench_tight_x1,17,10,-441.81
freightbidbench_tight_x1,17,11,-441.81
freightbidbench_tight_x1,17,12,-441.81
freightbidbench_tight_x1,17,13,-441.81
freightbidbench_tight_x1,17,14,-441.81
freightbidbench_tight_x1,17,15,-441.81
freightbidbench_tight_x1,17,16,-441.81
freightbidbench_tight_x1,17,17,-441.81
freightbidbench_tight_x1,17,18,-441.81
freightbidbench_tight_x1,17,19,-441.81
freightbidbench_tight_x1,17,20,-441.81
freightbidbench_tight_x1,17,21,-441.81
freightbidbench_tight_x1,17,22,-441.81
freightbidbench_tight_x1,17,23,-441.81
freightbidbench_tight_x1,17,24,-441.81
freightbidbench_tight_x1,17,25,-441.81
freightbidbench_tight_x1,17,26,-441.81
freightbidbench_tight_x1,17,27,-441.81
freightbidbench_tight_x1,17,28,-441.81
freightbidbench_tight_x1,17,29,-441.81
freightbidbench_tight_x1,17,30,-441.81
freightbidbench_tight_x1,17,31,-441.81
freightbidbench_tight_x1,17,32,-441.81
freightbidbench_tight_x1,17,33,-441.81
freightbidbench_tight_x1,17,34,-441.81
freightbidbench_tight_x1,17,35,-441.81
freightbidbench_tight_x1,17,36,-441.81
freightbidbench_tight_x1,17,37,-441.81
freightbidbench_tight_x1,17,38,-441.81
freightbidbench_tight_x1,17,39,-441.81
freightbidbench_tight_x1,17,40,-441.81
freightbidbench_tight_x1,17,41,-441.81
freightbidbench_tight_x1,17,42,-441.81
freightbidbench_tight_x1,17,43,-441.81
freightbidbench_tight_x1,17,44,-441.81
freightbidbench_tight_x1,17,45,-441.81
freightbidbench_tight_x1,17,46,-441.81
freightbidbench_tight_x1,17,47,-441.81
freightbidbench_tight_x1,17,48,-441.81
freightbidbench_tight_x1,17,49,-441.81
freightbidbench_tight_x1,17,50,-441.81
freightbidbench_tight_x1,17,51,-441.81
freightbidbench_tight_x1,17,52,-441.81
freightbidbench_tight_x1,17,53,-441.81
freightbidbench_tight_x1,17,54,-441.81
freightbidbench_tight_x1,17,55,-441.81
freightbidbench_tight_x1,17,56,-441.81
freightbidbench_tight_x1,17,57,-441.81
freightbidbench_tight_x1,17,58,-441.81
freightbidbench_tight_x1,17,59,-441.81
freightbidbench_tight_x1,17,60,-441.81
freightbidbench_tight_x1,17,61,-441.81
freightbidbench_tight_x1,17,62,-441.81
freightbidbench_tight_x1,17,63,-441.81
freightbidbench_tight_x1,17,64,-441.81
freightbidbench_tight_x1,17,65,-441.81
freightbidbench_tight_x1,17,66,-441.81
freightbidbench_tight_x1,17,67,-441.81
freightbidbench_tight_x1,17,68,-441.81
freightbidbench_tight_x1,17,69,-441.81
freightbidbench_tight_x1,17,70,-441.81
freightbidbench_tight_x1,17,71,-441.81
freightbidbench_tight_x1,17,72,-441.81
freightbidbench_tight_x1,24,0,-488.65
freightbidbench_tight_x1,24,1,-488.65
freightbidbench_tight_x1,24,2,-488.65
freightbidbench_tight_x1,24,3,-488.65
freightbidbench_tight_x1,24,4,-488.65
freightbidbench_tight_x1,24,5,-488.65
freightbidbench_tight_x1,24,6,-488.65
freightbidbench_tight_x1,24,7,-488.65
freightbidbench_tight_x1,24,8,-488.65
freightbidbench_tight_x1,24,9,-488.65
freightbidbench_tight_x1,24,10,-488.65
freightbidbench_tight_x1,24,11,-488.65
freightbidbench_tight_x1,24,12,-488.65
freightbidbench_tight_x1,24,13,-488.65
freightbidbench_tight_x1,24,14,-488.65
freightbidbench_tight_x1,24,15,-488.65
freightbidbench_tight_x1,24,16,-488.65
freightbidbench_tight_x1,24,17,-488.65
freightbidbench_tight_x1,24,18,-488.65
freightbidbench_tight_x1,24,19,-488.65
freightbidbench_tight_x1,24,20,-488.65
freightbidbench_tight_x1,24,21,-488.65
freightbidbench_tight_x1,24,22,-488.65
freightbidbench_tight_x1,24,23,-488.65
freightbidbench_tight_x1,24,24,-488.65
freightbidbench_tight_x1,24,25,-488.65
freightbidbench_tight_x1,24,26,-488.65
freightbidbench_tight_x1,24,27,-488.65
freightbidbench_tight_x1,24,28,-488.65
freightbidbench_tight_x1,24,29,-488.65
freightbidbench_tight_x1,24,30,-488.65
freightbidbench_tight_x1,24,31,-488.65
freightbidbench_tight_x1,24,32,-488.65
freightbidbench_tight_x1,24,33,-488.65
freightbidbench_tight_x1,24,34,-488.65
freightbidbench_tight_x1,24,35,-488.65
freightbidbench_tight_x1,24,36,-488.65
freightbidbench_tight_x1,24,37,-488.65
freightbidbench_tight_x1,24,38,-488.65
freightbidbench_tight_x1,24,39,-488.65
freightbidbench_tight_x1,24,40,-488.65
freightbidbench_tight_x1,24,41,-488.65
freightbidbench_tight_x1,24,42,-488.65
freightbidbench_tight_x1,24,43,-488.65
freightbidbench_tight_x1,24,44,-488.65
freightbidbench_tight_x1,24,45,-488.65
freightbidbench_tight_x1,24,46,-488.65
freightbidbench_tight_x1,24,47,-488.65
freightbidbench_tight_x1,24,48,-488.65
freightbidbench_tight_x1,24,49,-488.65
freightbidbench_tight_x1,24,50,-488.65
freightbidbench_tight_x1,24,51,-488.65
freightbidbench_tight_x1,24,52,-488.65
freightbidbench_tight_x1,24,53,-488.65
freightbidbench_tight_x1,24,54,-488.65
freightbidbench_tight_x1,24,55,-488.65
freightbidbench_tight_x1,24,56,-488.65
freightbidbench_tight_x1,24,57,-488.65
freightbidbench_tight_x1,24,58,-488.65
freightbidbench_tight_x1,24,59,-488.65
freightbidbench_tight_x1,24,60,-488.65
freightbidbench_tight_x1,24,61,-488.65
freightbidbench_tight_x1,24,62,-488.65
freightbidbench_tight_x1,24,63,-488.65
freightbidbench_tight_x1,24,64,-488.65
freightbidbench_tight_x1,24,65,-488.65
freightbidbench_tight_x1,24,66,-488.65
freightbidbench_tight_x1,24,67,-488.65
freightbidbench_tight_x1,24,68,-488.65
freightbidbench_tight_x1,24,69,-488.65
freightbidbench_tight_x1,24,70,-488.65
freightbidbench_tight_x1,24,71,-488.65
freightbidbench_tight_x1,24,72,-488.65
freightbidbench_tight_x1,25,0,-480.07
freightbidbench_tight_x1,25,1,-480.07
freightbidbench_tight_x1,25,2,-480.07
freightbidbench_tight_x1,25,3,-480.07
freightbidbench_tight_x1,25,4,-480.07
freightbidbench_tight_x1,25,5,-480.07
freightbidbench_tight_x1,25,6,-480.07
freightbidbench_tight_x1,25,7,-480.07
freightbidbench_tight_x1,25,8,-480.07
freightbidbench_tight_x1,25,9,-480.07
freightbidbench_tight_x1,25,10,-480.07
freightbidbench_tight_x1,25,11,-480.07
freightbidbench_tight_x1,25,12,-480.07
freightbidbench_tight_x1,25,13,-480.07
freightbidbench_tight_x1,25,14,-480.07
freightbidbench_tight_x1,25,15,-480.07
freightbidbench_tight_x1,25,16,-480.07
freightbidbench_tight_x1,25,17,-480.07
freightbidbench_tight_x1,25,18,-480.07
freightbidbench_tight_x1,25,19,-480.07
freightbidbench_tight_x1,25,20,-480.07
freightbidbench_tight_x1,25,21,-480.07
freightbidbench_tight_x1,25,22,-480.07
freightbidbench_tight_x1,25,23,-480.07
freightbidbench_tight_x1,25,24,-480.07
freightbidbench_tight_x1,25,25,-480.07
freightbidbench_tight_x1,25,26,-480.07
freightbidbench_tight_x1,25,27,-480.07
freightbidbench_tight_x1,25,28,-480.07
freightbidbench_tight_x1,25,29,-480.07
freightbidbench_tight_x1,25,30,-480.07
freightbidbench_tight_x1,25,31,-480.07
freightbidbench_tight_x1,25,32,-480.07
freightbidbench_tight_x1,25,33,-480.07
freightbidbench_tight_x1,25,34,-480.07
freightbidbench_tight_x1,25,35,-480.07
freightbidbench_tight_x1,25,36,-480.07
freightbidbench_tight_x1,25,37,-480.07
freightbidbench_tight_x1,25,38,-480.07
freightbidbench_tight_x1,25,39,-480.07
freightbidbench_tight_x1,25,40,-480.07
freightbidbench_tight_x1,25,41,-480.07
freightbidbench_tight_x1,25,42,-480.07
freightbidbench_tight_x1,25,43,-480.07
freightbidbench_tight_x1,25,44,-480.07
freightbidbench_tight_x1,25,45,-480.07
freightbidbench_tight_x1,25,46,-480.07
freightbidbench_tight_x1,25,47,-480.07
freightbidbench_tight_x1,25,48,-480.07
freightbidbench_tight_x1,25,49,-480.07
freightbidbench_tight_x1,25,50,-480.07
freightbidbench_tight_x1,25,51,-480.07
freightbidbench_tight_x1,25,52,-480.07
freightbidbench_tight_x1,25,53,-480.07
freightbidbench_tight_x1,25,54,-480.07
freightbidbench_tight_x1,25,55,-480.07
freightbidbench_tight_x1,25,56,-480.07
freightbidbench_tight_x1,25,57,-480.07
freightbidbench_tight_x1,25,58,-480.07
freightbidbench_tight_x1,25,59,-480.07
freightbidbench_tight_x1,25,60,-480.07
freightbidbench_tight_x1,25,61,-480.07
freightbidbench_tight_x1,25,62,-480.07
freightbidbench_tight_x1,25,63,-480.07
freightbidbench_tight_x1,25,64,-480.07
freightbidbench_tight_x1,25,65,-480.07
freightbidbench_tight_x1,25,66,-480.07
freightbidbench_tight_x1,25,67,-480.07
freightbidbench_tight_x1,25,68,-480.07
freightbidbench_tight_x1,25,69,-480.07
freightbidbench_tight_x1,25,70,-480.07
freightbidbench_tight_x1,25,71,-480.07
freightbidbench_tight_x1,25,72,-480.07
freightbidbench_tight_x1,36,0,-600.30
freightbidbench_tight_x1,36,1,-600.30
freightbidbench_tight_x1,36,2,-600.30
freightbidbench_tight_x1,36,3,-600.30
freightbidbench_tight_x1,36,4,-600.30
freightbidbench_tight_x1,36,5,-600.30
freightbidbench_tight_x1,36,6,-600.30
freightbidbench_tight_x1,36,7,-600.30
freightbidbench_tight_x1,36,8,-600.30
freightbidbench_tight_x1,36,9,-600.30
freightbidbench_tight_x1,36,10,-600.30
freightbidbench_tight_x1,36,11,-600.30
freightbidbench_tight_x1,36,12,-600.30
freightbidbench_tight_x1,36,13,-600.30
freightbidbench_tight_x1,36,14,-600.30
freightbidbench_tight_x1,36,15,-600.30
freightbidbench_tight_x1,36,16,-600.30
freightbidbench_tight_x1,36,17,-600.30
freightbidbench_tight_x1,36,18,-600.30
freightbidbench_tight_x1,36,19,-600.30
freightbidbench_tight_x1,36,20,-600.30
freightbidbench_tight_x1,36,21,-600.30
freightbidbench_tight_x1,36,22,-600.30
freightbidbench_tight_x1,36,23,-600.30
freightbidbench_tight_x1,36,24,-600.30
freightbidbench_tight_x1,36,25,-600.30
freightbidbench_tight_x1,36,26,-600.30
freightbidbench_tight_x1,36,27,-600.30
freightbidbench_tight_x1,36,28,-600.30
freightbidbench_tight_x1,36,29,-600.30
freightbidbench_tight_x1,36,30,-600.30
freightbidbench_tight_x1,36,31,-600.30
freightbidbench_tight_x1,36,32,-600.30
freightbidbench_tight_x1,36,33,-600.30
freightbidbench_tight_x1,36,34,-600.30
freightbidbench_tight_x1,36,35,-600.30
freightbidbench_tight_x1,36,36,-600.30
freightbidbench_tight_x1,36,37,-600.30
freightbidbench_tight_x1,36,38,-600.30
freightbidbench_tight_x1,36,39,-600.30
freightbidbench_tight_x1,36,40,-600.30
freightbidbench_tight_x1,36,41,-600.30
freightbidbench_tight_x1,36,42,-600.30
freightbidbench_tight_x1,36,43,-600.30
freightbidbench_tight_x1,36,44,-600.30
freightbidbench_tight_x1,36,45,-600.30
freightbidbench_tight_x1,36,46,-600.30
freightbidbench_tight_x1,36,47,-600.30
freightbidbench_tight_x1,36,48,-600.30
freightbidbench_tight_x1,36,49,-600.30
freightbidbench_tight_x1,36,50,-600.30
freightbidbench_tight_x1,36,51,-600.30
freightbidbench_tight_x1,36,52,-600.30
freightbidbench_tight_x1,36,53,-600.30
freightbidbench_tight_x1,36,54,-600.30
freightbidbench_tight_x1,36,55,-600.30
freightbidbench_tight_x1,36,56,-600.30
freightbidbench_tight_x1,36,57,-600.30
freightbidbench_tight_x1,36,58,-600.30
freightbidbench_tight_x1,36,59,-600.30
freightbidbench_tight_x1,36,60,-600.30
freightbidbench_tight_x1,36,61,-600.30
freightbidbench_tight_x1,36,62,-600.30
freightbidbench_tight_x1,36,63,-600.30
freightbidbench_tight_x1,36,64,-600.30
freightbidbench_tight_x1,36,65,-600.30
freightbidbench_tight_x1,36,66,-600.30
freightbidbench_tight_x1,36,67,-600.30
freightbidbench_tight_x1,36,68,-600.30
freightbidbench_tight_x1,36,69,-600.30
freightbidbench_tight_x1,36,70,-600.30
freightbidbench_tight_x1,36,71,-600.30
freightbidbench_tight_x1,36,72,-600.30
freightbidbench_tight_x1,42,0,-509.15
freightbidbench_tight_x1,42,1,-509.15
freightbidbench_tight_x1,42,2,-509.15
freightbidbench_tight_x1,42,3,-509.15
freightbidbench_tight_x1,42,4,-509.15
freightbidbench_tight_x1,42,5,-509.15
freightbidbench_tight_x1,42,6,-509.15
freightbidbench_tight_x1,42,7,-509.15
freightbidbench_tight_x1,42,8,-509.15
freightbidbench_tight_x1,42,9,-509.15
freightbidbench_tight_x1,42,10,-509.15
freightbidbench_tight_x1,42,11,-509.15
freightbidbench_tight_x1,42,12,-509.15
freightbidbench_tight_x1,42,13,-509.15
freightbidbench_tight_x1,42,14,-509.15
freightbidbench_tight_x1,42,15,-509.15
freightbidbench_tight_x1,42,16,-509.15
freightbidbench_tight_x1,42,17,-509.15
freightbidbench_tight_x1,42,18,-509.15
freightbidbench_tight_x1,42,19,-509.15
freightbidbench_tight_x1,42,20,-509.15
freightbidbench_tight_x1,42,21,-509.15
freightbidbench_tight_x1,42,22,-509.15
freightbidbench_tight_x1,42,23,-509.15
freightbidbench_tight_x1,42,24,-509.15
freightbidbench_tight_x1,42,25,-509.15
freightbidbench_tight_x1,42,26,-509.15
freightbidbench_tight_x1,42,27,-509.15
freightbidbench_tight_x1,42,28,-509.15
freightbidbench_tight_x1,42,29,-509.15
freightbidbench_tight_x1,42,30,-509.15
freightbidbench_tight_x1,42,31,-509.15
freightbidbench_tight_x1,42,32,-509.15
freightbidbench_tight_x1,42,33,-509.15
freightbidbench_tight_x1,42,34,-509.15
freightbidbench_tight_x1,42,35,-509.15
freightbidbench_tight_x1,42,36,-509.15
freightbidbench_tight_x1,42,37,-509.15
freightbidbench_tight_x1,42,38,-509.15
freightbidbench_tight_x1,42,39,-509.15
freightbidbench_tight_x1,42,40,-509.15
freightbidbench_tight_x1,42,41,-509.15
freightbidbench_tight_x1,42,42,-509.15
freightbidbench_tight_x1,42,43,-509.15
freightbidbench_tight_x1,42,44,-509.15
freightbidbench_tight_x1,42,45,-509.15
freightbidbench_tight_x1,42,46,-509.15
freightbidbench_tight_x1,42,47,-509.15
freightbidbench_tight_x1,42,48,-509.15
freightbidbench_tight_x1,42,49,-509.15
freightbidbench_tight_x1,42,50,-509.15
freightbidbench_tight_x1,42,51,-509.15
freightbidbench_tight_x1,42,52,-509.15
freightbidbench_tight_x1,42,53,-509.15
freightbidbench_tight_x1,42,54,-509.15
freightbidbench_tight_x1,42,55,-509.15
freightbidbench_tight_x1,42,56,-509.15
freightbidbench_tight_x1,42,57,-509.15
freightbidbench_tight_x1,42,58,-509.15
freightbidbench_tight_x1,42,59,-509.15
freightbidbench_tight_x1,42,60,-509.15
freightbidbench_tight_x1,42,61,-509.15
freightbidbench_tight_x1,42,62,-509.15
freightbidbench_tight_x1,42,63,-509.15
freightbidbench_tight_x1,42,64,-509.15
freightbidbench_tight_x1,42,65,-509.15
freightbidbench_tight_x1,42,66,-509.15
freightbidbench_tight_x1,42,67,-509.15
freightbidbench_tight_x1,42,68,-509.15
freightbidbench_tight_x1,42,69,-509.15
freightbidbench_tight_x1,42,70,-509.15
freightbidbench_tight_x1,42,71,-509.15
freightbidbench_tight_x1,42,72,-509.15
freightbidbench_tight_x1,48,0,26197.32
freightbidbench_tight_x1,48,1,26137.47
freightbidbench_tight_x1,48,2,25964.71
freightbidbench_tight_x1,48,3,25948.32
freightbidbench_tight_x1,48,4,24788.51
freightbidbench_tight_x1,48,5,24356.31
freightbidbench_tight_x1,48,6,24135.30
freightbidbench_tight_x1,48,7,24032.58
freightbidbench_tight_x1,48,8,24032.58
freightbidbench_tight_x1,48,9,24032.58
freightbidbench_tight_x1,48,10,23908.15
freightbidbench_tight_x1,48,11,23094.83
freightbidbench_tight_x1,48,12,22650.05
freightbidbench_tight_x1,48,13,22650.05
freightbidbench_tight_x1,48,14,22384.63
freightbidbench_tight_x1,48,15,22156.01
freightbidbench_tight_x1,48,16,21262.33
freightbidbench_tight_x1,48,17,20616.17
freightbidbench_tight_x1,48,18,20499.77
freightbidbench_tight_x1,48,19,19616.96
freightbidbench_tight_x1,48,20,19528.60
freightbidbench_tight_x1,48,21,19239.69
freightbidbench_tight_x1,48,22,19239.69
freightbidbench_tight_x1,48,23,19239.69
freightbidbench_tight_x1,48,24,18711.20
freightbidbench_tight_x1,48,25,18449.85
freightbidbench_tight_x1,48,26,18269.00
freightbidbench_tight_x1,48,27,17546.75
freightbidbench_tight_x1,48,28,16998.05
freightbidbench_tight_x1,48,29,16795.57
freightbidbench_tight_x1,48,30,16795.57
freightbidbench_tight_x1,48,31,16795.57
freightbidbench_tight_x1,48,32,16208.43
freightbidbench_tight_x1,48,33,16084.17
freightbidbench_tight_x1,48,34,15831.34
freightbidbench_tight_x1,48,35,15033.90
freightbidbench_tight_x1,48,36,15033.90
freightbidbench_tight_x1,48,37,14614.18
freightbidbench_tight_x1,48,38,14522.94
freightbidbench_tight_x1,48,39,14429.58
freightbidbench_tight_x1,48,40,13169.06
freightbidbench_tight_x1,48,41,12701.04
freightbidbench_tight_x1,48,42,11359.76
freightbidbench_tight_x1,48,43,11356.50
freightbidbench_tight_x1,48,44,11356.50
freightbidbench_tight_x1,48,45,11350.49
freightbidbench_tight_x1,48,46,11350.49
freightbidbench_tight_x1,48,47,10798.67
freightbidbench_tight_x1,48,48,10798.67
freightbidbench_tight_x1,48,49,9752.65
freightbidbench_tight_x1,48,50,9566.53
freightbidbench_tight_x1,48,51,8986.13
freightbidbench_tight_x1,48,52,8986.13
freightbidbench_tight_x1,48,53,8957.59
freightbidbench_tight_x1,48,54,8957.59
freightbidbench_tight_x1,48,55,8243.93
freightbidbench_tight_x1,48,56,7718.46
freightbidbench_tight_x1,48,57,7642.75
freightbidbench_tight_x1,48,58,6828.51
freightbidbench_tight_x1,48,59,6828.51
freightbidbench_tight_x1,48,60,6534.84
freightbidbench_tight_x1,48,61,6534.84
freightbidbench_tight_x1,48,62,6054.67
freightbidbench_tight_x1,48,63,6024.58
freightbidbench_tight_x1,48,64,3061.06
freightbidbench_tight_x1,48,65,3061.06
freightbidbench_tight_x1,48,66,3061.06
freightbidbench_tight_x1,48,67,3061.06
freightbidbench_tight_x1,48,68,3061.06
freightbidbench_tight_x1,48,69,3061.06
freightbidbench_tight_x1,48,70,3061.06
freightbidbench_tight_x1,48,71,2722.81
freightbidbench_tight_x1,48,72,692.84
freightbidbench_tight_x1,53,0,25.18
freightbidbench_tight_x1,53,1,25.18
freightbidbench_tight_x1,53,2,25.18
freightbidbench_tight_x1,53,3,25.18
freightbidbench_tight_x1,53,4,25.18
freightbidbench_tight_x1,53,5,25.18
freightbidbench_tight_x1,53,6,25.18
freightbidbench_tight_x1,53,7,25.18
freightbidbench_tight_x1,53,8,25.18
freightbidbench_tight_x1,53,9,25.18
freightbidbench_tight_x1,53,10,25.18
freightbidbench_tight_x1,53,11,25.18
freightbidbench_tight_x1,53,12,25.18
freightbidbench_tight_x1,53,13,25.18
freightbidbench_tight_x1,53,14,25.18
freightbidbench_tight_x1,53,15,25.18
freightbidbench_tight_x1,53,16,25.18
freightbidbench_tight_x1,53,17,25.18
freightbidbench_tight_x1,53,18,25.18
freightbidbench_tight_x1,53,19,25.18
freightbidbench_tight_x1,53,20,25.18
freightbidbench_tight_x1,53,21,25.18
freightbidbench_tight_x1,53,22,25.18
freightbidbench_tight_x1,53,23,25.18
freightbidbench_tight_x1,53,24,25.18
freightbidbench_tight_x1,53,25,25.18
freightbidbench_tight_x1,53,26,25.18
freightbidbench_tight_x1,53,27,25.18
freightbidbench_tight_x1,53,28,25.18
freightbidbench_tight_x1,53,29,25.18
freightbidbench_tight_x1,53,30,-589.25
freightbidbench_tight_x1,53,31,-589.25
freightbidbench_tight_x1,53,32,-589.25
freightbidbench_tight_x1,53,33,-589.25
freightbidbench_tight_x1,53,34,-589.25
freightbidbench_tight_x1,53,35,-589.25
freightbidbench_tight_x1,53,36,-589.25
freightbidbench_tight_x1,53,37,-589.25
freightbidbench_tight_x1,53,38,-589.25
freightbidbench_tight_x1,53,39,-589.25
freightbidbench_tight_x1,53,40,-589.25
freightbidbench_tight_x1,53,41,-589.25
freightbidbench_tight_x1,53,42,-589.25
freightbidbench_tight_x1,53,43,-589.25
freightbidbench_tight_x1,53,44,-589.25
freightbidbench_tight_x1,53,45,-589.25
freightbidbench_tight_x1,53,46,-589.25
freightbidbench_tight_x1,53,47,-589.25
freightbidbench_tight_x1,53,48,-589.25
freightbidbench_tight_x1,53,49,-589.25
freightbidbench_tight_x1,53,50,-589.25
freightbidbench_tight_x1,53,51,-589.25
freightbidbench_tight_x1,53,52,-589.25
freightbidbench_tight_x1,53,53,-589.25
freightbidbench_tight_x1,53,54,-589.25
freightbidbench_tight_x1,53,55,-589.25
freightbidbench_tight_x1,53,56,-589.25
freightbidbench_tight_x1,53,57,-589.25
freightbidbench_tight_x1,53,58,-589.25
freightbidbench_tight_x1,53,59,-589.25
freightbidbench_tight_x1,53,60,-589.25
freightbidbench_tight_x1,53,61,-589.25
freightbidbench_tight_x1,53,62,-589.25
freightbidbench_tight_x1,53,63,-589.25
freightbidbench_tight_x1,53,64,-589.25
freightbidbench_tight_x1,53,65,-589.25
freightbidbench_tight_x1,53,66,-589.25
freightbidbench_tight_x1,53,67,-589.25
freightbidbench_tight_x1,53,68,-589.25
freightbidbench_tight_x1,53,69,-589.25
freightbidbench_tight_x1,53,70,-589.25
freightbidbench_tight_x1,53,71,-589.25
freightbidbench_tight_x1,53,72,-589.25
freightbidbench_tight_x2,04,0,2563.40
freightbidbench_tight_x2,04,1,2563.40
freightbidbench_tight_x2,04,2,2563.40
freightbidbench_tight_x2,04,3,2563.40
freightbidbench_tight_x2,04,4,2563.40
freightbidbench_tight_x2,04,5,2563.40
freightbidbench_tight_x2,04,6,2563.40
freightbidbench_tight_x2,04,7,2563.40
freightbidbench_tight_x2,04,8,2563.40
freightbidbench_tight_x2,04,9,2563.40
freightbidbench_tight_x2,04,10,2563.40
freightbidbench_tight_x2,04,11,2563.40
freightbidbench_tight_x2,04,12,2563.40
freightbidbench_tight_x2,04,13,2563.40
freightbidbench_tight_x2,04,14,2563.40
freightbidbench_tight_x2,04,15,2563.40
freightbidbench_tight_x2,04,16,2563.40
freightbidbench_tight_x2,04,17,2563.40
freightbidbench_tight_x2,04,18,2563.40
freightbidbench_tight_x2,04,19,2563.40
freightbidbench_tight_x2,04,20,2563.40
freightbidbench_tight_x2,04,21,2563.40
freightbidbench_tight_x2,04,22,2563.40
freightbidbench_tight_x2,04,23,2563.40
freightbidbench_tight_x2,04,24,2563.40
freightbidbench_tight_x2,04,25,2563.40
freightbidbench_tight_x2,04,26,2563.40
freightbidbench_tight_x2,04,27,2563.40
freightbidbench_tight_x2,04,28,2563.40
freightbidbench_tight_x2,04,29,2563.40
freightbidbench_tight_x2,04,30,2563.40
freightbidbench_tight_x2,04,31,2563.40
freightbidbench_tight_x2,04,32,2563.40
freightbidbench_tight_x2,04,33,2563.40
freightbidbench_tight_x2,04,34,2563.40
freightbidbench_tight_x2,04,35,2563.40
freightbidbench_tight_x2,04,36,2563.40
freightbidbench_tight_x2,04,37,2563.40
freightbidbench_tight_x2,04,38,2563.40
freightbidbench_tight_x2,04,39,2563.40
freightbidbench_tight_x2,04,40,881.12
freightbidbench_tight_x2,04,41,881.12
freightbidbench_tight_x2,04,42,881.12
freightbidbench_tight_x2,04,43,881.12
freightbidbench_tight_x2,04,44,881.12
freightbidbench_tight_x2,04,45,881.12
freightbidbench_tight_x2,04,46,881.12
freightbidbench_tight_x2,04,47,881.12
freightbidbench_tight_x2,04,48,881.12
freightbidbench_tight_x2,04,49,881.12
freightbidbench_tight_x2,04,50,881.12
freightbidbench_tight_x2,04,51,881.12
freightbidbench_tight_x2,04,52,881.12
freightbidbench_tight_x2,04,53,881.12
freightbidbench_tight_x2,04,54,881.12
freightbidbench_tight_x2,04,55,881.12
freightbidbench_tight_x2,04,56,881.12
freightbidbench_tight_x2,04,57,881.12
freightbidbench_tight_x2,04,58,881.12
freightbidbench_tight_x2,04,59,881.12
freightbidbench_tight_x2,04,60,881.12
freightbidbench_tight_x2,04,61,881.12
freightbidbench_tight_x2,04,62,881.12
freightbidbench_tight_x2,04,63,-467.90
freightbidbench_tight_x2,04,64,-467.90
freightbidbench_tight_x2,04,65,-467.90
freightbidbench_tight_x2,04,66,-467.90
freightbidbench_tight_x2,04,67,-467.90
freightbidbench_tight_x2,04,68,-467.90
freightbidbench_tight_x2,04,69,-467.90
freightbidbench_tight_x2,04,70,-467.90
freightbidbench_tight_x2,04,71,-546.21
freightbidbench_tight_x2,04,72,-546.21
freightbidbench_tight_x2,06,0,756.37
freightbidbench_tight_x2,06,1,756.37
freightbidbench_tight_x2,06,2,756.37
freightbidbench_tight_x2,06,3,756.37
freightbidbench_tight_x2,06,4,756.37
freightbidbench_tight_x2,06,5,756.37
freightbidbench_tight_x2,06,6,756.37
freightbidbench_tight_x2,06,7,756.37
freightbidbench_tight_x2,06,8,756.37
freightbidbench_tight_x2,06,9,756.37
freightbidbench_tight_x2,06,10,756.37
freightbidbench_tight_x2,06,11,756.37
freightbidbench_tight_x2,06,12,756.37
freightbidbench_tight_x2,06,13,756.37
freightbidbench_tight_x2,06,14,756.37
freightbidbench_tight_x2,06,15,756.37
freightbidbench_tight_x2,06,16,756.37
freightbidbench_tight_x2,06,17,756.37
freightbidbench_tight_x2,06,18,756.37
freightbidbench_tight_x2,06,19,756.37
freightbidbench_tight_x2,06,20,756.37
freightbidbench_tight_x2,06,21,756.37
freightbidbench_tight_x2,06,22,756.37
freightbidbench_tight_x2,06,23,756.37
freightbidbench_tight_x2,06,24,756.37
freightbidbench_tight_x2,06,25,567.85
freightbidbench_tight_x2,06,26,567.85
freightbidbench_tight_x2,06,27,567.85
freightbidbench_tight_x2,06,28,567.85
freightbidbench_tight_x2,06,29,567.85
freightbidbench_tight_x2,06,30,567.85
freightbidbench_tight_x2,06,31,567.85
freightbidbench_tight_x2,06,32,567.85
freightbidbench_tight_x2,06,33,567.85
freightbidbench_tight_x2,06,34,567.85
freightbidbench_tight_x2,06,35,567.85
freightbidbench_tight_x2,06,36,567.85
freightbidbench_tight_x2,06,37,567.85
freightbidbench_tight_x2,06,38,567.85
freightbidbench_tight_x2,06,39,567.85
freightbidbench_tight_x2,06,40,567.85
freightbidbench_tight_x2,06,41,567.85
freightbidbench_tight_x2,06,42,567.85
freightbidbench_tight_x2,06,43,567.85
freightbidbench_tight_x2,06,44,567.85
freightbidbench_tight_x2,06,45,567.85
freightbidbench_tight_x2,06,46,567.85
freightbidbench_tight_x2,06,47,567.85
freightbidbench_tight_x2,06,48,567.85
freightbidbench_tight_x2,06,49,567.85
freightbidbench_tight_x2,06,50,567.85
freightbidbench_tight_x2,06,51,567.85
freightbidbench_tight_x2,06,52,567.85
freightbidbench_tight_x2,06,53,567.85
freightbidbench_tight_x2,06,54,567.85
freightbidbench_tight_x2,06,55,567.85
freightbidbench_tight_x2,06,56,567.85
freightbidbench_tight_x2,06,57,567.85
freightbidbench_tight_x2,06,58,567.85
freightbidbench_tight_x2,06,59,567.85
freightbidbench_tight_x2,06,60,567.85
freightbidbench_tight_x2,06,61,567.85
freightbidbench_tight_x2,06,62,567.85
freightbidbench_tight_x2,06,63,567.85
freightbidbench_tight_x2,06,64,-485.10
freightbidbench_tight_x2,06,65,-485.10
freightbidbench_tight_x2,06,66,-485.10
freightbidbench_tight_x2,06,67,-485.10
freightbidbench_tight_x2,06,68,-485.10
freightbidbench_tight_x2,06,69,-485.10
freightbidbench_tight_x2,06,70,-485.10
freightbidbench_tight_x2,06,71,-485.10
freightbidbench_tight_x2,06,72,-485.10
freightbidbench_tight_x2,08,0,1038.65
freightbidbench_tight_x2,08,1,1038.65
freightbidbench_tight_x2,08,2,1038.65
freightbidbench_tight_x2,08,3,1038.65
freightbidbench_tight_x2,08,4,1038.65
freightbidbench_tight_x2,08,5,1038.65
freightbidbench_tight_x2,08,6,1038.65
freightbidbench_tight_x2,08,7,1038.65
freightbidbench_tight_x2,08,8,1038.65
freightbidbench_tight_x2,08,9,1038.65
freightbidbench_tight_x2,08,10,1038.65
freightbidbench_tight_x2,08,11,1038.65
freightbidbench_tight_x2,08,12,1038.65
freightbidbench_tight_x2,08,13,1038.65
freightbidbench_tight_x2,08,14,1038.65
freightbidbench_tight_x2,08,15,1038.65
freightbidbench_tight_x2,08,16,1038.65
freightbidbench_tight_x2,08,17,1038.65
freightbidbench_tight_x2,08,18,1038.65
freightbidbench_tight_x2,08,19,1038.65
freightbidbench_tight_x2,08,20,1038.65
freightbidbench_tight_x2,08,21,1038.65
freightbidbench_tight_x2,08,22,1038.65
freightbidbench_tight_x2,08,23,1038.65
freightbidbench_tight_x2,08,24,1038.65
freightbidbench_tight_x2,08,25,1038.65
freightbidbench_tight_x2,08,26,1038.65
freightbidbench_tight_x2,08,27,1038.65
freightbidbench_tight_x2,08,28,1038.65
freightbidbench_tight_x2,08,29,1038.65
freightbidbench_tight_x2,08,30,1038.65
freightbidbench_tight_x2,08,31,1038.65
freightbidbench_tight_x2,08,32,1038.65
freightbidbench_tight_x2,08,33,1038.65
freightbidbench_tight_x2,08,34,1038.65
freightbidbench_tight_x2,08,35,1038.65
freightbidbench_tight_x2,08,36,1038.65
freightbidbench_tight_x2,08,37,1038.65
freightbidbench_tight_x2,08,38,1038.65
freightbidbench_tight_x2,08,39,1038.65
freightbidbench_tight_x2,08,40,1038.65
freightbidbench_tight_x2,08,41,1038.65
freightbidbench_tight_x2,08,42,1038.65
freightbidbench_tight_x2,08,43,1038.65
freightbidbench_tight_x2,08,44,1038.65
freightbidbench_tight_x2,08,45,1038.65
freightbidbench_tight_x2,08,46,1038.65
freightbidbench_tight_x2,08,47,1038.65
freightbidbench_tight_x2,08,48,1038.65
freightbidbench_tight_x2,08,49,1038.65
freightbidbench_tight_x2,08,50,1038.65
freightbidbench_tight_x2,08,51,1038.65
freightbidbench_tight_x2,08,52,1038.65
freightbidbench_tight_x2,08,53,1038.65
freightbidbench_tight_x2,08,54,1038.65
freightbidbench_tight_x2,08,55,1038.65
freightbidbench_tight_x2,08,56,1038.65
freightbidbench_tight_x2,08,57,1038.65
freightbidbench_tight_x2,08,58,1038.65
freightbidbench_tight_x2,08,59,1038.65
freightbidbench_tight_x2,08,60,1038.65
freightbidbench_tight_x2,08,61,1038.65
freightbidbench_tight_x2,08,62,1038.65
freightbidbench_tight_x2,08,63,1038.65
freightbidbench_tight_x2,08,64,-548.57
freightbidbench_tight_x2,08,65,-548.57
freightbidbench_tight_x2,08,66,-548.57
freightbidbench_tight_x2,08,67,-548.57
freightbidbench_tight_x2,08,68,-548.57
freightbidbench_tight_x2,08,69,-548.57
freightbidbench_tight_x2,08,70,-548.57
freightbidbench_tight_x2,08,71,-548.57
freightbidbench_tight_x2,08,72,-548.57
freightbidbench_tight_x2,12,0,-750.00
freightbidbench_tight_x2,12,1,-750.00
freightbidbench_tight_x2,12,2,-750.00
freightbidbench_tight_x2,12,3,-750.00
freightbidbench_tight_x2,12,4,-750.00
freightbidbench_tight_x2,12,5,-750.00
freightbidbench_tight_x2,12,6,-750.00
freightbidbench_tight_x2,12,7,-750.00
freightbidbench_tight_x2,12,8,-750.00
freightbidbench_tight_x2,12,9,-750.00
freightbidbench_tight_x2,12,10,-750.00
freightbidbench_tight_x2,12,11,-750.00
freightbidbench_tight_x2,12,12,-750.00
freightbidbench_tight_x2,12,13,-750.00
freightbidbench_tight_x2,12,14,-750.00
freightbidbench_tight_x2,12,15,-750.00
freightbidbench_tight_x2,12,16,-750.00
freightbidbench_tight_x2,12,17,-750.00
freightbidbench_tight_x2,12,18,-750.00
freightbidbench_tight_x2,12,19,-750.00
freightbidbench_tight_x2,12,20,-750.00
freightbidbench_tight_x2,12,21,-750.00
freightbidbench_tight_x2,12,22,-750.00
freightbidbench_tight_x2,12,23,-750.00
freightbidbench_tight_x2,12,24,-750.00
freightbidbench_tight_x2,12,25,-750.00
freightbidbench_tight_x2,12,26,-750.00
freightbidbench_tight_x2,12,27,-750.00
freightbidbench_tight_x2,12,28,-750.00
freightbidbench_tight_x2,12,29,-750.00
freightbidbench_tight_x2,12,30,-750.00
freightbidbench_tight_x2,12,31,-750.00
freightbidbench_tight_x2,12,32,-750.00
freightbidbench_tight_x2,12,33,-750.00
freightbidbench_tight_x2,12,34,-750.00
freightbidbench_tight_x2,12,35,-750.00
freightbidbench_tight_x2,12,36,-750.00
freightbidbench_tight_x2,12,37,-750.00
freightbidbench_tight_x2,12,38,-750.00
freightbidbench_tight_x2,12,39,-750.00
freightbidbench_tight_x2,12,40,-750.00
freightbidbench_tight_x2,12,41,-750.00
freightbidbench_tight_x2,12,42,-750.00
freightbidbench_tight_x2,12,43,-750.00
freightbidbench_tight_x2,12,44,-750.00
freightbidbench_tight_x2,12,45,-750.00
freightbidbench_tight_x2,12,46,-750.00
freightbidbench_tight_x2,12,47,-750.00
freightbidbench_tight_x2,12,48,-750.00
freightbidbench_tight_x2,12,49,-750.00
freightbidbench_tight_x2,12,50,-750.00
freightbidbench_tight_x2,12,51,-750.00
freightbidbench_tight_x2,12,52,-750.00
freightbidbench_tight_x2,12,53,-750.00
freightbidbench_tight_x2,12,54,-750.00
freightbidbench_tight_x2,12,55,-750.00
freightbidbench_tight_x2,12,56,-750.00
freightbidbench_tight_x2,12,57,-750.00
freightbidbench_tight_x2,12,58,-750.00
freightbidbench_tight_x2,12,59,-750.00
freightbidbench_tight_x2,12,60,-750.00
freightbidbench_tight_x2,12,61,-750.00
freightbidbench_tight_x2,12,62,-750.00
freightbidbench_tight_x2,12,63,-750.00
freightbidbench_tight_x2,12,64,-750.00
freightbidbench_tight_x2,12,65,-750.00
freightbidbench_tight_x2,12,66,-750.00
freightbidbench_tight_x2,12,67,-750.00
freightbidbench_tight_x2,12,68,-750.00
freightbidbench_tight_x2,12,69,-750.00
freightbidbench_tight_x2,12,70,-750.00
freightbidbench_tight_x2,12,71,-750.00
freightbidbench_tight_x2,12,72,-750.00
freightbidbench_tight_x2,13,0,33804.17
freightbidbench_tight_x2,13,1,33804.17
freightbidbench_tight_x2,13,2,33804.17
freightbidbench_tight_x2,13,3,33804.17
freightbidbench_tight_x2,13,4,33528.15
freightbidbench_tight_x2,13,5,33528.15
freightbidbench_tight_x2,13,6,33298.68
freightbidbench_tight_x2,13,7,33167.34
freightbidbench_tight_x2,13,8,31192.55
freightbidbench_tight_x2,13,9,30869.46
freightbidbench_tight_x2,13,10,30840.58
freightbidbench_tight_x2,13,11,30840.58
freightbidbench_tight_x2,13,12,30840.58
freightbidbench_tight_x2,13,13,30840.58
freightbidbench_tight_x2,13,14,30395.50
freightbidbench_tight_x2,13,15,28103.26
freightbidbench_tight_x2,13,16,27161.60
freightbidbench_tight_x2,13,17,26990.66
freightbidbench_tight_x2,13,18,26938.62
freightbidbench_tight_x2,13,19,26402.28
freightbidbench_tight_x2,13,20,26402.28
freightbidbench_tight_x2,13,21,26402.28
freightbidbench_tight_x2,13,22,24232.58
freightbidbench_tight_x2,13,23,24232.58
freightbidbench_tight_x2,13,24,23813.82
freightbidbench_tight_x2,13,25,23813.82
freightbidbench_tight_x2,13,26,23813.82
freightbidbench_tight_x2,13,27,23813.82
freightbidbench_tight_x2,13,28,21150.54
freightbidbench_tight_x2,13,29,21150.54
freightbidbench_tight_x2,13,30,21104.40
freightbidbench_tight_x2,13,31,21018.19
freightbidbench_tight_x2,13,32,20777.34
freightbidbench_tight_x2,13,33,20777.34
freightbidbench_tight_x2,13,34,20777.34
freightbidbench_tight_x2,13,35,19829.46
freightbidbench_tight_x2,13,36,18209.20
freightbidbench_tight_x2,13,37,18209.20
freightbidbench_tight_x2,13,38,18185.07
freightbidbench_tight_x2,13,39,16795.59
freightbidbench_tight_x2,13,40,16795.59
freightbidbench_tight_x2,13,41,16697.26
freightbidbench_tight_x2,13,42,16558.68
freightbidbench_tight_x2,13,43,16558.68
freightbidbench_tight_x2,13,44,13778.88
freightbidbench_tight_x2,13,45,13778.88
freightbidbench_tight_x2,13,46,13778.88
freightbidbench_tight_x2,13,47,13778.88
freightbidbench_tight_x2,13,48,13778.88
freightbidbench_tight_x2,13,49,13586.45
freightbidbench_tight_x2,13,50,13586.45
freightbidbench_tight_x2,13,51,10620.27
freightbidbench_tight_x2,13,52,10473.37
freightbidbench_tight_x2,13,53,10473.37
freightbidbench_tight_x2,13,54,10404.43
freightbidbench_tight_x2,13,55,10404.43
freightbidbench_tight_x2,13,56,10404.43
freightbidbench_tight_x2,13,57,9286.98
freightbidbench_tight_x2,13,58,9286.98
freightbidbench_tight_x2,13,59,7397.95
freightbidbench_tight_x2,13,60,7397.95
freightbidbench_tight_x2,13,61,7047.75
freightbidbench_tight_x2,13,62,7047.75
freightbidbench_tight_x2,13,63,6463.03
freightbidbench_tight_x2,13,64,5614.79
freightbidbench_tight_x2,13,65,2837.85
freightbidbench_tight_x2,13,66,2837.85
freightbidbench_tight_x2,13,67,2837.85
freightbidbench_tight_x2,13,68,2837.85
freightbidbench_tight_x2,13,69,2645.86
freightbidbench_tight_x2,13,70,2645.86
freightbidbench_tight_x2,13,71,2645.86
freightbidbench_tight_x2,13,72,-372.02
freightbidbench_tight_x2,17,0,-441.81
freightbidbench_tight_x2,17,1,-441.81
freightbidbench_tight_x2,17,2,-441.81
freightbidbench_tight_x2,17,3,-441.81
freightbidbench_tight_x2,17,4,-441.81
freightbidbench_tight_x2,17,5,-441.81
freightbidbench_tight_x2,17,6,-441.81
freightbidbench_tight_x2,17,7,-441.81
freightbidbench_tight_x2,17,8,-441.81
freightbidbench_tight_x2,17,9,-441.81
freightbidbench_tight_x2,17,10,-441.81
freightbidbench_tight_x2,17,11,-441.81
freightbidbench_tight_x2,17,12,-441.81
freightbidbench_tight_x2,17,13,-441.81
freightbidbench_tight_x2,17,14,-441.81
freightbidbench_tight_x2,17,15,-441.81
freightbidbench_tight_x2,17,16,-441.81
freightbidbench_tight_x2,17,17,-441.81
freightbidbench_tight_x2,17,18,-441.81
freightbidbench_tight_x2,17,19,-441.81
freightbidbench_tight_x2,17,20,-441.81
freightbidbench_tight_x2,17,21,-441.81
freightbidbench_tight_x2,17,22,-441.81
freightbidbench_tight_x2,17,23,-441.81
freightbidbench_tight_x2,17,24,-441.81
freightbidbench_tight_x2,17,25,-441.81
freightbidbench_tight_x2,17,26,-441.81
freightbidbench_tight_x2,17,27,-441.81
freightbidbench_tight_x2,17,28,-441.81
freightbidbench_tight_x2,17,29,-441.81
freightbidbench_tight_x2,17,30,-441.81
freightbidbench_tight_x2,17,31,-441.81
freightbidbench_tight_x2,17,32,-441.81
freightbidbench_tight_x2,17,33,-441.81
freightbidbench_tight_x2,17,34,-441.81
freightbidbench_tight_x2,17,35,-441.81
freightbidbench_tight_x2,17,36,-441.81
freightbidbench_tight_x2,17,37,-441.81
freightbidbench_tight_x2,17,38,-441.81
freightbidbench_tight_x2,17,39,-441.81
freightbidbench_tight_x2,17,40,-441.81
freightbidbench_tight_x2,17,41,-441.81
freightbidbench_tight_x2,17,42,-441.81
freightbidbench_tight_x2,17,43,-441.81
freightbidbench_tight_x2,17,44,-441.81
freightbidbench_tight_x2,17,45,-441.81
freightbidbench_tight_x2,17,46,-441.81
freightbidbench_tight_x2,17,47,-441.81
freightbidbench_tight_x2,17,48,-441.81
freightbidbench_tight_x2,17,49,-441.81
freightbidbench_tight_x2,17,50,-441.81
freightbidbench_tight_x2,17,51,-441.81
freightbidbench_tight_x2,17,52,-441.81
freightbidbench_tight_x2,17,53,-441.81
freightbidbench_tight_x2,17,54,-441.81
freightbidbench_tight_x2,17,55,-441.81
freightbidbench_tight_x2,17,56,-441.81
freightbidbench_tight_x2,17,57,-441.81
freightbidbench_tight_x2,17,58,-441.81
freightbidbench_tight_x2,17,59,-441.81
freightbidbench_tight_x2,17,60,-441.81
freightbidbench_tight_x2,17,61,-441.81
freightbidbench_tight_x2,17,62,-441.81
freightbidbench_tight_x2,17,63,-441.81
freightbidbench_tight_x2,17,64,-441.81
freightbidbench_tight_x2,17,65,-441.81
freightbidbench_tight_x2,17,66,-441.81
freightbidbench_tight_x2,17,67,-441.81
freightbidbench_tight_x2,17,68,-441.81
freightbidbench_tight_x2,17,69,-441.81
freightbidbench_tight_x2,17,70,-441.81
freightbidbench_tight_x2,17,71,-441.81
freightbidbench_tight_x2,17,72,-441.81
freightbidbench_tight_x2,24,0,-488.65
freightbidbench_tight_x2,24,1,-488.65
freightbidbench_tight_x2,24,2,-488.65
freightbidbench_tight_x2,24,3,-488.65
freightbidbench_tight_x2,24,4,-488.65
freightbidbench_tight_x2,24,5,-488.65
freightbidbench_tight_x2,24,6,-488.65
freightbidbench_tight_x2,24,7,-488.65
freightbidbench_tight_x2,24,8,-488.65
freightbidbench_tight_x2,24,9,-488.65
freightbidbench_tight_x2,24,10,-488.65
freightbidbench_tight_x2,24,11,-488.65
freightbidbench_tight_x2,24,12,-488.65
freightbidbench_tight_x2,24,13,-488.65
freightbidbench_tight_x2,24,14,-488.65
freightbidbench_tight_x2,24,15,-488.65
freightbidbench_tight_x2,24,16,-488.65
freightbidbench_tight_x2,24,17,-488.65
freightbidbench_tight_x2,24,18,-488.65
freightbidbench_tight_x2,24,19,-488.65
freightbidbench_tight_x2,24,20,-488.65
freightbidbench_tight_x2,24,21,-488.65
freightbidbench_tight_x2,24,22,-488.65
freightbidbench_tight_x2,24,23,-488.65
freightbidbench_tight_x2,24,24,-488.65
freightbidbench_tight_x2,24,25,-488.65
freightbidbench_tight_x2,24,26,-488.65
freightbidbench_tight_x2,24,27,-488.65
freightbidbench_tight_x2,24,28,-488.65
freightbidbench_tight_x2,24,29,-488.65
freightbidbench_tight_x2,24,30,-488.65
freightbidbench_tight_x2,24,31,-488.65
freightbidbench_tight_x2,24,32,-488.65
freightbidbench_tight_x2,24,33,-488.65
freightbidbench_tight_x2,24,34,-488.65
freightbidbench_tight_x2,24,35,-488.65
freightbidbench_tight_x2,24,36,-488.65
freightbidbench_tight_x2,24,37,-488.65
freightbidbench_tight_x2,24,38,-488.65
freightbidbench_tight_x2,24,39,-488.65
freightbidbench_tight_x2,24,40,-488.65
freightbidbench_tight_x2,24,41,-488.65
freightbidbench_tight_x2,24,42,-488.65
freightbidbench_tight_x2,24,43,-488.65
freightbidbench_tight_x2,24,44,-488.65
freightbidbench_tight_x2,24,45,-488.65
freightbidbench_tight_x2,24,46,-488.65
freightbidbench_tight_x2,24,47,-488.65
freightbidbench_tight_x2,24,48,-488.65
freightbidbench_tight_x2,24,49,-488.65
freightbidbench_tight_x2,24,50,-488.65
freightbidbench_tight_x2,24,51,-488.65
freightbidbench_tight_x2,24,52,-488.65
freightbidbench_tight_x2,24,53,-488.65
freightbidbench_tight_x2,24,54,-488.65
freightbidbench_tight_x2,24,55,-488.65
freightbidbench_tight_x2,24,56,-488.65
freightbidbench_tight_x2,24,57,-488.65
freightbidbench_tight_x2,24,58,-488.65
freightbidbench_tight_x2,24,59,-488.65
freightbidbench_tight_x2,24,60,-488.65
freightbidbench_tight_x2,24,61,-488.65
freightbidbench_tight_x2,24,62,-488.65
freightbidbench_tight_x2,24,63,-488.65
freightbidbench_tight_x2,24,64,-488.65
freightbidbench_tight_x2,24,65,-488.65
freightbidbench_tight_x2,24,66,-488.65
freightbidbench_tight_x2,24,67,-488.65
freightbidbench_tight_x2,24,68,-488.65
freightbidbench_tight_x2,24,69,-488.65
freightbidbench_tight_x2,24,70,-488.65
freightbidbench_tight_x2,24,71,-488.65
freightbidbench_tight_x2,24,72,-488.65
freightbidbench_tight_x2,25,0,-480.07
freightbidbench_tight_x2,25,1,-480.07
freightbidbench_tight_x2,25,2,-480.07
freightbidbench_tight_x2,25,3,-480.07
freightbidbench_tight_x2,25,4,-480.07
freightbidbench_tight_x2,25,5,-480.07
freightbidbench_tight_x2,25,6,-480.07
freightbidbench_tight_x2,25,7,-480.07
freightbidbench_tight_x2,25,8,-480.07
freightbidbench_tight_x2,25,9,-480.07
freightbidbench_tight_x2,25,10,-480.07
freightbidbench_tight_x2,25,11,-480.07
freightbidbench_tight_x2,25,12,-480.07
freightbidbench_tight_x2,25,13,-480.07
freightbidbench_tight_x2,25,14,-480.07
freightbidbench_tight_x2,25,15,-480.07
freightbidbench_tight_x2,25,16,-480.07
freightbidbench_tight_x2,25,17,-480.07
freightbidbench_tight_x2,25,18,-480.07
freightbidbench_tight_x2,25,19,-480.07
freightbidbench_tight_x2,25,20,-480.07
freightbidbench_tight_x2,25,21,-480.07
freightbidbench_tight_x2,25,22,-480.07
freightbidbench_tight_x2,25,23,-480.07
freightbidbench_tight_x2,25,24,-480.07
freightbidbench_tight_x2,25,25,-480.07
freightbidbench_tight_x2,25,26,-480.07
freightbidbench_tight_x2,25,27,-480.07
freightbidbench_tight_x2,25,28,-480.07
freightbidbench_tight_x2,25,29,-480.07
freightbidbench_tight_x2,25,30,-480.07
freightbidbench_tight_x2,25,31,-480.07
freightbidbench_tight_x2,25,32,-480.07
freightbidbench_tight_x2,25,33,-480.07
freightbidbench_tight_x2,25,34,-480.07
freightbidbench_tight_x2,25,35,-480.07
freightbidbench_tight_x2,25,36,-480.07
freightbidbench_tight_x2,25,37,-480.07
freightbidbench_tight_x2,25,38,-480.07
freightbidbench_tight_x2,25,39,-480.07
freightbidbench_tight_x2,25,40,-480.07
freightbidbench_tight_x2,25,41,-480.07
freightbidbench_tight_x2,25,42,-480.07
freightbidbench_tight_x2,25,43,-480.07
freightbidbench_tight_x2,25,44,-480.07
freightbidbench_tight_x2,25,45,-480.07
freightbidbench_tight_x2,25,46,-480.07
freightbidbench_tight_x2,25,47,-480.07
freightbidbench_tight_x2,25,48,-480.07
freightbidbench_tight_x2,25,49,-480.07
freightbidbench_tight_x2,25,50,-480.07
freightbidbench_tight_x2,25,51,-480.07
freightbidbench_tight_x2,25,52,-480.07
freightbidbench_tight_x2,25,53,-480.07
freightbidbench_tight_x2,25,54,-480.07
freightbidbench_tight_x2,25,55,-480.07
freightbidbench_tight_x2,25,56,-480.07
freightbidbench_tight_x2,25,57,-480.07
freightbidbench_tight_x2,25,58,-480.07
freightbidbench_tight_x2,25,59,-480.07
freightbidbench_tight_x2,25,60,-480.07
freightbidbench_tight_x2,25,61,-480.07
freightbidbench_tight_x2,25,62,-480.07
freightbidbench_tight_x2,25,63,-480.07
freightbidbench_tight_x2,25,64,-480.07
freightbidbench_tight_x2,25,65,-480.07
freightbidbench_tight_x2,25,66,-480.07
freightbidbench_tight_x2,25,67,-480.07
freightbidbench_tight_x2,25,68,-480.07
freightbidbench_tight_x2,25,69,-480.07
freightbidbench_tight_x2,25,70,-480.07
freightbidbench_tight_x2,25,71,-480.07
freightbidbench_tight_x2,25,72,-480.07
freightbidbench_tight_x2,36,0,-600.30
freightbidbench_tight_x2,36,1,-600.30
freightbidbench_tight_x2,36,2,-600.30
freightbidbench_tight_x2,36,3,-600.30
freightbidbench_tight_x2,36,4,-600.30
freightbidbench_tight_x2,36,5,-600.30
freightbidbench_tight_x2,36,6,-600.30
freightbidbench_tight_x2,36,7,-600.30
freightbidbench_tight_x2,36,8,-600.30
freightbidbench_tight_x2,36,9,-600.30
freightbidbench_tight_x2,36,10,-600.30
freightbidbench_tight_x2,36,11,-600.30
freightbidbench_tight_x2,36,12,-600.30
freightbidbench_tight_x2,36,13,-600.30
freightbidbench_tight_x2,36,14,-600.30
freightbidbench_tight_x2,36,15,-600.30
freightbidbench_tight_x2,36,16,-600.30
freightbidbench_tight_x2,36,17,-600.30
freightbidbench_tight_x2,36,18,-600.30
freightbidbench_tight_x2,36,19,-600.30
freightbidbench_tight_x2,36,20,-600.30
freightbidbench_tight_x2,36,21,-600.30
freightbidbench_tight_x2,36,22,-600.30
freightbidbench_tight_x2,36,23,-600.30
freightbidbench_tight_x2,36,24,-600.30
freightbidbench_tight_x2,36,25,-600.30
freightbidbench_tight_x2,36,26,-600.30
freightbidbench_tight_x2,36,27,-600.30
freightbidbench_tight_x2,36,28,-600.30
freightbidbench_tight_x2,36,29,-600.30
freightbidbench_tight_x2,36,30,-600.30
freightbidbench_tight_x2,36,31,-600.30
freightbidbench_tight_x2,36,32,-600.30
freightbidbench_tight_x2,36,33,-600.30
freightbidbench_tight_x2,36,34,-600.30
freightbidbench_tight_x2,36,35,-600.30
freightbidbench_tight_x2,36,36,-600.30
freightbidbench_tight_x2,36,37,-600.30
freightbidbench_tight_x2,36,38,-600.30
freightbidbench_tight_x2,36,39,-600.30
freightbidbench_tight_x2,36,40,-600.30
freightbidbench_tight_x2,36,41,-600.30
freightbidbench_tight_x2,36,42,-600.30
freightbidbench_tight_x2,36,43,-600.30
freightbidbench_tight_x2,36,44,-600.30
freightbidbench_tight_x2,36,45,-600.30
freightbidbench_tight_x2,36,46,-600.30
freightbidbench_tight_x2,36,47,-600.30
freightbidbench_tight_x2,36,48,-600.30
freightbidbench_tight_x2,36,49,-600.30
freightbidbench_tight_x2,36,50,-600.30
freightbidbench_tight_x2,36,51,-600.30
freightbidbench_tight_x2,36,52,-600.30
freightbidbench_tight_x2,36,53,-600.30
freightbidbench_tight_x2,36,54,-600.30
freightbidbench_tight_x2,36,55,-600.30
freightbidbench_tight_x2,36,56,-600.30
freightbidbench_tight_x2,36,57,-600.30
freightbidbench_tight_x2,36,58,-600.30
freightbidbench_tight_x2,36,59,-600.30
freightbidbench_tight_x2,36,60,-600.30
freightbidbench_tight_x2,36,61,-600.30
freightbidbench_tight_x2,36,62,-600.30
freightbidbench_tight_x2,36,63,-600.30
freightbidbench_tight_x2,36,64,-600.30
freightbidbench_tight_x2,36,65,-600.30
freightbidbench_tight_x2,36,66,-600.30
freightbidbench_tight_x2,36,67,-600.30
freightbidbench_tight_x2,36,68,-600.30
freightbidbench_tight_x2,36,69,-600.30
freightbidbench_tight_x2,36,70,-600.30
freightbidbench_tight_x2,36,71,-600.30
freightbidbench_tight_x2,36,72,-600.30
freightbidbench_tight_x2,42,0,-509.15
freightbidbench_tight_x2,42,1,-509.15
freightbidbench_tight_x2,42,2,-509.15
freightbidbench_tight_x2,42,3,-509.15
freightbidbench_tight_x2,42,4,-509.15
freightbidbench_tight_x2,42,5,-509.15
freightbidbench_tight_x2,42,6,-509.15
freightbidbench_tight_x2,42,7,-509.15
freightbidbench_tight_x2,42,8,-509.15
freightbidbench_tight_x2,42,9,-509.15
freightbidbench_tight_x2,42,10,-509.15
freightbidbench_tight_x2,42,11,-509.15
freightbidbench_tight_x2,42,12,-509.15
freightbidbench_tight_x2,42,13,-509.15
freightbidbench_tight_x2,42,14,-509.15
freightbidbench_tight_x2,42,15,-509.15
freightbidbench_tight_x2,42,16,-509.15
freightbidbench_tight_x2,42,17,-509.15
freightbidbench_tight_x2,42,18,-509.15
freightbidbench_tight_x2,42,19,-509.15
freightbidbench_tight_x2,42,20,-509.15
freightbidbench_tight_x2,42,21,-509.15
freightbidbench_tight_x2,42,22,-509.15
freightbidbench_tight_x2,42,23,-509.15
freightbidbench_tight_x2,42,24,-509.15
freightbidbench_tight_x2,42,25,-509.15
freightbidbench_tight_x2,42,26,-509.15
freightbidbench_tight_x2,42,27,-509.15
freightbidbench_tight_x2,42,28,-509.15
freightbidbench_tight_x2,42,29,-509.15
freightbidbench_tight_x2,42,30,-509.15
freightbidbench_tight_x2,42,31,-509.15
freightbidbench_tight_x2,42,32,-509.15
freightbidbench_tight_x2,42,33,-509.15
freightbidbench_tight_x2,42,34,-509.15
freightbidbench_tight_x2,42,35,-509.15
freightbidbench_tight_x2,42,36,-509.15
freightbidbench_tight_x2,42,37,-509.15
freightbidbench_tight_x2,42,38,-509.15
freightbidbench_tight_x2,42,39,-509.15
freightbidbench_tight_x2,42,40,-509.15
freightbidbench_tight_x2,42,41,-509.15
freightbidbench_tight_x2,42,42,-509.15
freightbidbench_tight_x2,42,43,-509.15
freightbidbench_tight_x2,42,44,-509.15
freightbidbench_tight_x2,42,45,-509.15
freightbidbench_tight_x2,42,46,-509.15
freightbidbench_tight_x2,42,47,-509.15
freightbidbench_tight_x2,42,48,-509.15
freightbidbench_tight_x2,42,49,-509.15
freightbidbench_tight_x2,42,50,-509.15
freightbidbench_tight_x2,42,51,-509.15
freightbidbench_tight_x2,42,52,-509.15
freightbidbench_tight_x2,42,53,-509.15
freightbidbench_tight_x2,42,54,-509.15
freightbidbench_tight_x2,42,55,-509.15
freightbidbench_tight_x2,42,56,-509.15
freightbidbench_tight_x2,42,57,-509.15
freightbidbench_tight_x2,42,58,-509.15
freightbidbench_tight_x2,42,59,-509.15
freightbidbench_tight_x2,42,60,-509.15
freightbidbench_tight_x2,42,61,-509.15
freightbidbench_tight_x2,42,62,-509.15
freightbidbench_tight_x2,42,63,-509.15
freightbidbench_tight_x2,42,64,-509.15
freightbidbench_tight_x2,42,65,-509.15
freightbidbench_tight_x2,42,66,-509.15
freightbidbench_tight_x2,42,67,-509.15
freightbidbench_tight_x2,42,68,-509.15
freightbidbench_tight_x2,42,69,-509.15
freightbidbench_tight_x2,42,70,-509.15
freightbidbench_tight_x2,42,71,-509.15
freightbidbench_tight_x2,42,72,-509.15
freightbidbench_tight_x2,48,0,29141.32
freightbidbench_tight_x2,48,1,29141.32
freightbidbench_tight_x2,48,2,27633.62
freightbidbench_tight_x2,48,3,27493.59
freightbidbench_tight_x2,48,4,27401.34
freightbidbench_tight_x2,48,5,27115.83
freightbidbench_tight_x2,48,6,27115.83
freightbidbench_tight_x2,48,7,27115.83
freightbidbench_tight_x2,48,8,25596.71
freightbidbench_tight_x2,48,9,25596.71
freightbidbench_tight_x2,48,10,25458.60
freightbidbench_tight_x2,48,11,25458.60
freightbidbench_tight_x2,48,12,25070.08
freightbidbench_tight_x2,48,13,25034.05
freightbidbench_tight_x2,48,14,24294.98
freightbidbench_tight_x2,48,15,23812.04
freightbidbench_tight_x2,48,16,22303.09
freightbidbench_tight_x2,48,17,22046.27
freightbidbench_tight_x2,48,18,21832.55
freightbidbench_tight_x2,48,19,21832.55
freightbidbench_tight_x2,48,20,21832.55
freightbidbench_tight_x2,48,21,20897.00
freightbidbench_tight_x2,48,22,20652.56
freightbidbench_tight_x2,48,23,20030.46
freightbidbench_tight_x2,48,24,19738.54
freightbidbench_tight_x2,48,25,19662.20
freightbidbench_tight_x2,48,26,19662.20
freightbidbench_tight_x2,48,27,18840.90
freightbidbench_tight_x2,48,28,18484.86
freightbidbench_tight_x2,48,29,18216.88
freightbidbench_tight_x2,48,30,17803.47
freightbidbench_tight_x2,48,31,17479.44
freightbidbench_tight_x2,48,32,17479.44
freightbidbench_tight_x2,48,33,16569.00
freightbidbench_tight_x2,48,34,16569.00
freightbidbench_tight_x2,48,35,16546.48
freightbidbench_tight_x2,48,36,15810.36
freightbidbench_tight_x2,48,37,14773.64
freightbidbench_tight_x2,48,38,14231.60
freightbidbench_tight_x2,48,39,13891.62
freightbidbench_tight_x2,48,40,13533.79
freightbidbench_tight_x2,48,41,12984.65
freightbidbench_tight_x2,48,42,12952.28
freightbidbench_tight_x2,48,43,12952.28
freightbidbench_tight_x2,48,44,11849.47
freightbidbench_tight_x2,48,45,11166.29
freightbidbench_tight_x2,48,46,11166.29
freightbidbench_tight_x2,48,47,10958.98
freightbidbench_tight_x2,48,48,10712.55
freightbidbench_tight_x2,48,49,10553.32
freightbidbench_tight_x2,48,50,10553.32
freightbidbench_tight_x2,48,51,9042.25
freightbidbench_tight_x2,48,52,9012.09
freightbidbench_tight_x2,48,53,8938.51
freightbidbench_tight_x2,48,54,8938.51
freightbidbench_tight_x2,48,55,8454.65
freightbidbench_tight_x2,48,56,8454.65
freightbidbench_tight_x2,48,57,6683.07
freightbidbench_tight_x2,48,58,6683.07
freightbidbench_tight_x2,48,59,6683.07
freightbidbench_tight_x2,48,60,6683.07
freightbidbench_tight_x2,48,61,6289.96
freightbidbench_tight_x2,48,62,6224.86
freightbidbench_tight_x2,48,63,6029.14
freightbidbench_tight_x2,48,64,4942.01
freightbidbench_tight_x2,48,65,3021.36
freightbidbench_tight_x2,48,66,3021.36
freightbidbench_tight_x2,48,67,3021.36
freightbidbench_tight_x2,48,68,3021.36
freightbidbench_tight_x2,48,69,2943.55
freightbidbench_tight_x2,48,70,2943.55
freightbidbench_tight_x2,48,71,2943.55
freightbidbench_tight_x2,48,72,692.84
freightbidbench_tight_x2,53,0,-350.20
freightbidbench_tight_x2,53,1,-350.20
freightbidbench_tight_x2,53,2,-350.20
freightbidbench_tight_x2,53,3,-350.20
freightbidbench_tight_x2,53,4,-350.20
freightbidbench_tight_x2,53,5,-350.20
freightbidbench_tight_x2,53,6,-350.20
freightbidbench_tight_x2,53,7,-350.20
freightbidbench_tight_x2,53,8,-350.20
freightbidbench_tight_x2,53,9,-350.20
freightbidbench_tight_x2,53,10,-350.20
freightbidbench_tight_x2,53,11,-350.20
freightbidbench_tight_x2,53,12,-350.20
freightbidbench_tight_x2,53,13,-350.20
freightbidbench_tight_x2,53,14,-350.20
freightbidbench_tight_x2,53,15,-350.20
freightbidbench_tight_x2,53,16,-350.20
freightbidbench_tight_x2,53,17,-350.20
freightbidbench_tight_x2,53,18,-350.20
freightbidbench_tight_x2,53,19,-350.20
freightbidbench_tight_x2,53,20,-350.20
freightbidbench_tight_x2,53,21,-350.20
freightbidbench_tight_x2,53,22,-350.20
freightbidbench_tight_x2,53,23,-350.20
freightbidbench_tight_x2,53,24,-350.20
freightbidbench_tight_x2,53,25,-350.20
freightbidbench_tight_x2,53,26,-350.20
freightbidbench_tight_x2,53,27,-350.20
freightbidbench_tight_x2,53,28,-350.20
freightbidbench_tight_x2,53,29,-350.20
freightbidbench_tight_x2,53,30,-350.20
freightbidbench_tight_x2,53,31,-350.20
freightbidbench_tight_x2,53,32,-350.20
freightbidbench_tight_x2,53,33,-350.20
freightbidbench_tight_x2,53,34,-350.20
freightbidbench_tight_x2,53,35,-350.20
freightbidbench_tight_x2,53,36,-350.20
freightbidbench_tight_x2,53,37,-350.20
freightbidbench_tight_x2,53,38,-350.20
freightbidbench_tight_x2,53,39,-350.20
freightbidbench_tight_x2,53,40,-350.20
freightbidbench_tight_x2,53,41,-350.20
freightbidbench_tight_x2,53,42,-350.20
freightbidbench_tight_x2,53,43,-350.20
freightbidbench_tight_x2,53,44,-350.20
freightbidbench_tight_x2,53,45,-350.20
freightbidbench_tight_x2,53,46,-350.20
freightbidbench_tight_x2,53,47,-350.20
freightbidbench_tight_x2,53,48,-350.20
freightbidbench_tight_x2,53,49,-350.20
freightbidbench_tight_x2,53,50,-350.20
freightbidbench_tight_x2,53,51,-350.20
freightbidbench_tight_x2,53,52,-350.20
freightbidbench_tight_x2,53,53,-350.20
freightbidbench_tight_x2,53,54,-350.20
freightbidbench_tight_x2,53,55,-350.20
freightbidbench_tight_x2,53,56,-350.20
freightbidbench_tight_x2,53,57,-350.20
freightbidbench_tight_x2,53,58,-350.20
freightbidbench_tight_x2,53,59,-589.25
freightbidbench_tight_x2,53,60,-589.25
freightbidbench_tight_x2,53,61,-589.25
freightbidbench_tight_x2,53,62,-589.25
freightbidbench_tight_x2,53,63,-589.25
freightbidbench_tight_x2,53,64,-589.25
freightbidbench_tight_x2,53,65,-589.25
freightbidbench_tight_x2,53,66,-589.25
freightbidbench_tight_x2,53,67,-589.25
freightbidbench_tight_x2,53,68,-589.25
freightbidbench_tight_x2,53,69,-589.25
freightbidbench_tight_x2,53,70,-589.25
freightbidbench_tight_x2,53,71,-589.25
freightbidbench_tight_x2,53,72,-589.25
