scenario,horizon_hours,loads_per_hour,fleet_size,base_cost_per_mile,fixed_load_cost,value_scale_dollars,train_seed,eval_seed,train_label_count,eval_label_count,agreement,mae,p90_abs_error,cell_elapsed_seconds
surrogate_probe_mild_capacity,72,12,90,2.95,250.00,2400.00,20260506,20260507,835,810,0.960494,672.62,1243.10,9.85
surrogate_probe_mild_capacity,72,12,90,2.95,250.00,2400.00,20260508,20260509,857,837,0.980884,795.37,1363.07,9.81
surrogate_probe_mild_capacity,72,12,90,2.95,250.00,2400.00,20260510,20260511,853,842,0.976247,580.11,807.39,10.07
surrogate_probe_tight_capacity,72,14,70,3.10,250.00,3000.00,20260506,20260507,1023,996,0.788153,1776.05,3675.07,14.48
surrogate_probe_tight_capacity,72,14,70,3.10,250.00,3000.00,20260508,20260509,1026,1013,0.782823,1869.65,3701.91,14.83
surrogate_probe_tight_capacity,72,14,70,3.10,250.00,3000.00,20260510,20260511,990,1023,0.778104,1889.78,3582.10,14.02
surrogate_probe_scarce_capacity,72,16,55,3.20,250.00,3400.00,20260506,20260507,1156,1200,0.629167,2242.95,3407.89,13.59
surrogate_probe_scarce_capacity,72,16,55,3.20,250.00,3400.00,20260508,20260509,1182,1175,0.682553,1999.69,3498.12,14.20
surrogate_probe_scarce_capacity,72,16,55,3.20,250.00,3400.00,20260510,20260511,1123,1200,0.710833,2044.85,4040.23,12.42
