policy,loads_seen,accepted,rejected,no_truck,accept_rate,profit,revenue,direct_cost,loaded_miles,profit_per_loaded_mile,utilization,mean_latency_ms,p50_latency_ms,p95_latency_ms,final_top_states
myopic_margin,1023,664,23,336,0.6491,1437245.34,1914171.03,476925.69,100298.61,14.3297,0.7932,0.000187,0.000167,0.000209,48:41; 12:12; 13:6; 42:4; 06:3; 53:2
bid_price,1023,754,38,231,0.7370,1627143.61,2091008.98,463865.37,88827.54,18.3180,0.8013,0.000757,0.000750,0.000875,48:57; 12:7; 13:3; 42:2; 53:1; 04:0
rollout_teacher,1023,744,279,0,0.7273,1660405.09,2140321.88,479916.79,94811.87,17.5126,0.8191,2.527583,3.247708,3.491583,48:48; 13:12; 42:5; 12:3; 53:1; 17:1
