policy,cascade_band_dollars,loads_seen,accepted,rejected,no_truck,accept_rate,profit,revenue,direct_cost,loaded_miles,profit_per_loaded_mile,utilization,mean_latency_ms,p50_latency_ms,p95_latency_ms,surrogate_stage_share,rollout_stage_share,final_top_states
myopic_margin,,996,716,22,258,0.7189,1555587.55,2028503.48,472915.93,94811.59,16.4071,0.8024,0.000102,0.000084,0.000125,0.0000,0.0000,48:43; 12:10; 13:7; 06:3; 42:2; 36:2
bid_price,,996,743,29,224,0.7460,1606666.68,2054694.41,448027.73,84605.72,18.9900,0.7780,0.000448,0.000417,0.000541,0.0000,0.0000,48:54; 12:10; 13:4; 42:1; 17:1; 04:0
surrogate_linear,,996,701,292,3,0.7038,1562444.79,1981752.40,419307.61,78728.26,19.8460,0.7297,0.003148,0.002250,0.002542,1.0000,0.0000,48:48; 13:11; 06:4; 12:4; 04:1; 25:1
cascade_surrogate_rollout,500.00,996,733,263,0,0.7359,1614759.02,2068637.17,453878.15,87299.40,18.4968,0.7827,0.901637,0.003646,3.486750,0.5974,0.4026,48:51; 13:11; 12:4; 53:1; 42:1; 25:1
rollout_teacher,,996,755,241,0,0.7580,1661622.88,2123611.12,461988.24,88141.37,18.8518,0.7992,2.754553,3.405062,3.585375,0.0000,1.0000,48:51; 13:11; 12:5; 24:2; 42:1; 04:0
