scenario,policy,cascade_band_dollars,n_runs,mean_profit,std_profit,ci95_profit_halfwidth,mean_profit_retention_vs_rollout,min_profit_retention_vs_rollout,max_profit_retention_vs_rollout,mean_latency_ms,mean_p95_latency_ms,mean_rollout_stage_share,mean_surrogate_stage_share,mean_accepted,mean_no_truck,mean_infeasible,mean_pickup_window_miss,mean_delivery_window_miss,mean_accept_rate,mean_deadhead_miles,mean_yard_delay_hours,mean_hos_rest_hours,mean_static_agreement,mean_static_mae,mean_static_p90_abs_error,mean_service_failure_penalty_cost,mean_terminal_fleet_value
freightbidbench_tight_capacity,reject_all,,1,29995.78,0.00,0.00,0.072449,0.072449,0.072449,0.000073,0.000084,0.000000,0.000000,0.00,0.00,0.00,0.00,0.00,0.000000,0.00,0.00,0.00,0.600000,1899.43,4762.83,0.00,29995.78
freightbidbench_tight_capacity,accept_all_feasible,,1,460683.64,0.00,0.00,1.112691,1.112691,1.112691,0.035760,0.071583,0.000000,0.000000,178.00,0.00,0.00,0.00,0.00,0.712000,6311.62,249.66,560.00,0.600000,1899.43,4762.83,0.00,28818.82
freightbidbench_tight_capacity,myopic_margin,,1,459993.64,0.00,0.00,1.111025,1.111025,1.111025,0.000225,0.000375,0.000000,0.000000,178.00,1.00,68.00,67.00,1.00,0.712000,6311.62,249.66,560.00,0.600000,1899.43,4762.83,690.00,28818.82
freightbidbench_tight_capacity,bid_price,,1,459993.64,0.00,0.00,1.111025,1.111025,1.111025,0.000765,0.001125,0.000000,0.000000,178.00,1.00,68.00,67.00,1.00,0.712000,6311.62,249.66,560.00,0.600000,1899.43,4762.83,690.00,28818.82
freightbidbench_tight_capacity,surrogate_linear,,1,398467.57,0.00,0.00,0.962420,0.962420,0.962420,0.005137,0.007583,0.000000,1.000000,139.00,0.00,6.00,6.00,0.00,0.556000,5021.13,207.46,130.00,0.600000,1899.43,4762.83,60.00,29995.78
freightbidbench_tight_capacity,cascade_surrogate_rollout,0.00,1,398919.05,0.00,0.00,0.963511,0.963511,0.963511,6.297014,39.706084,0.344000,0.656000,138.00,0.00,2.00,2.00,0.00,0.552000,5016.61,198.51,130.00,0.600000,1899.43,4762.83,20.00,29891.63
freightbidbench_tight_capacity,rollout_teacher,,1,414026.53,0.00,0.00,1.000000,1.000000,1.000000,43.055737,72.252833,1.000000,0.000000,146.00,0.00,0.00,0.00,0.00,0.584000,5170.32,180.93,160.00,0.600000,1899.43,4762.83,0.00,29135.67
