scenario,policy,cascade_band_dollars,n_runs,mean_profit,std_profit,ci95_profit_halfwidth,mean_profit_retention_vs_rollout,min_profit_retention_vs_rollout,max_profit_retention_vs_rollout,mean_latency_ms,mean_p95_latency_ms,mean_rollout_stage_share,mean_surrogate_stage_share,mean_accepted,mean_no_truck,mean_infeasible,mean_pickup_window_miss,mean_delivery_window_miss,mean_accept_rate,mean_deadhead_miles,mean_yard_delay_hours,mean_hos_rest_hours,mean_static_agreement,mean_static_mae,mean_static_p90_abs_error,mean_service_failure_penalty_cost,mean_terminal_fleet_value
freightbidbench_scarce_capacity,reject_all,,1,25837.48,0.00,0.00,0.024246,0.024246,0.024246,0.000060,0.000084,0.000000,0.000000,0.00,0.00,0.00,0.00,0.00,0.000000,0.00,0.00,0.00,0.705000,1088.49,2517.01,0.00,25837.48
freightbidbench_scarce_capacity,accept_all_feasible,,1,808139.41,0.00,0.00,0.758349,0.758349,0.758349,0.015474,0.031041,0.000000,0.000000,334.00,0.00,0.00,0.00,0.00,0.289400,11277.85,479.12,1270.00,0.705000,1088.49,2517.01,0.00,22243.67
freightbidbench_scarce_capacity,myopic_margin,,1,800139.41,0.00,0.00,0.750842,0.750842,0.750842,0.000149,0.000208,0.000000,0.000000,334.00,4.00,796.00,781.00,15.00,0.289400,11277.85,479.12,1270.00,0.705000,1088.49,2517.01,8000.00,22243.67
freightbidbench_scarce_capacity,bid_price,,1,800259.41,0.00,0.00,0.750955,0.750955,0.750955,0.000521,0.000583,0.000000,0.000000,334.00,4.00,784.00,764.00,20.00,0.289400,11277.85,479.12,1270.00,0.705000,1088.49,2517.01,7880.00,22243.67
freightbidbench_scarce_capacity,surrogate_linear,,1,768504.42,0.00,0.00,0.721156,0.721156,0.721156,0.035433,0.059208,0.000000,1.000000,274.00,0.00,0.00,0.00,0.00,0.237400,9610.72,289.24,930.00,0.705000,1088.49,2517.01,0.00,24552.35
freightbidbench_scarce_capacity,cascade_surrogate_rollout,0.00,1,846494.01,0.00,0.00,0.794341,0.794341,0.794341,6.603896,27.061541,0.519100,0.480900,302.00,0.00,0.00,0.00,0.00,0.261700,10542.75,316.71,1050.00,0.705000,1088.49,2517.01,0.00,24813.91
freightbidbench_scarce_capacity,cascade_surrogate_rollout,500.00,1,1025578.19,0.00,0.00,0.962391,0.962391,0.962391,16.715610,41.504875,0.838000,0.162000,364.00,0.00,0.00,0.00,0.00,0.315400,12339.48,391.98,1320.00,0.705000,1088.49,2517.01,0.00,25242.29
freightbidbench_scarce_capacity,rollout_teacher,,1,1065656.11,0.00,0.00,1.000000,1.000000,1.000000,20.139598,41.008625,1.000000,0.000000,370.00,0.00,0.00,0.00,0.00,0.320600,12613.57,417.68,1410.00,0.705000,1088.49,2517.01,0.00,24463.82
