scenario,policy,cascade_band_dollars,n_runs,mean_profit,std_profit,ci95_profit_halfwidth,mean_profit_retention_vs_rollout,min_profit_retention_vs_rollout,max_profit_retention_vs_rollout,mean_latency_ms,mean_p95_latency_ms,mean_rollout_stage_share,mean_surrogate_stage_share,mean_accepted,mean_no_truck,mean_infeasible,mean_pickup_window_miss,mean_delivery_window_miss,mean_accept_rate,mean_deadhead_miles,mean_yard_delay_hours,mean_hos_rest_hours,mean_static_agreement,mean_static_mae,mean_static_p90_abs_error,mean_service_failure_penalty_cost,mean_terminal_fleet_value
freightbidbench_tight_capacity,reject_all,,1,29995.78,0.00,0.00,0.023556,0.023556,0.023556,0.000060,0.000084,0.000000,0.000000,0.00,0.00,0.00,0.00,0.00,0.000000,0.00,0.00,0.00,0.810000,1098.11,2191.53,0.00,29995.78
freightbidbench_tight_capacity,accept_all_feasible,,1,1114158.21,0.00,0.00,0.874951,0.874951,0.874951,0.022240,0.049666,0.000000,0.000000,441.00,0.00,0.00,0.00,0.00,0.443200,15142.87,632.52,1720.00,0.810000,1098.11,2191.53,0.00,27098.60
freightbidbench_tight_capacity,myopic_margin,,1,1108748.21,0.00,0.00,0.870702,0.870702,0.870702,0.000158,0.000250,0.000000,0.000000,441.00,18.00,523.00,522.00,1.00,0.443200,15142.87,632.52,1720.00,0.810000,1098.11,2191.53,5410.00,27098.60
freightbidbench_tight_capacity,bid_price,,1,1108838.21,0.00,0.00,0.870773,0.870773,0.870773,0.000534,0.000625,0.000000,0.000000,441.00,19.00,513.00,512.00,1.00,0.443200,15142.87,632.52,1720.00,0.810000,1098.11,2191.53,5320.00,27098.60
freightbidbench_tight_capacity,surrogate_linear,,1,1156678.73,0.00,0.00,0.908342,0.908342,0.908342,0.034255,0.068292,0.000000,1.000000,424.00,0.00,301.00,300.00,1.00,0.426100,14833.34,553.81,1580.00,0.810000,1098.11,2191.53,3010.00,28552.94
freightbidbench_tight_capacity,cascade_surrogate_rollout,0.00,1,1254536.23,0.00,0.00,0.985190,0.985190,0.985190,8.906697,37.303667,0.377900,0.622100,449.00,0.00,133.00,133.00,0.00,0.451300,15871.37,546.07,1760.00,0.810000,1098.11,2191.53,1330.00,29583.69
freightbidbench_tight_capacity,cascade_surrogate_rollout,500.00,1,1279402.59,0.00,0.00,1.004718,1.004718,1.004718,20.797655,52.845584,0.744700,0.255300,464.00,0.00,74.00,74.00,0.00,0.466300,16425.74,550.00,1810.00,0.810000,1098.11,2191.53,740.00,29583.69
freightbidbench_tight_capacity,rollout_teacher,,1,1273395.14,0.00,0.00,1.000000,1.000000,1.000000,31.364739,60.185833,1.000000,0.000000,460.00,0.00,0.00,0.00,0.00,0.462300,16074.29,545.64,1780.00,0.810000,1098.11,2191.53,0.00,29205.71
