scenario,policy,cascade_band_dollars,n_runs,mean_profit,std_profit,ci95_profit_halfwidth,mean_profit_retention_vs_rollout,min_profit_retention_vs_rollout,max_profit_retention_vs_rollout,mean_latency_ms,mean_p95_latency_ms,mean_rollout_stage_share,mean_surrogate_stage_share,mean_accepted,mean_no_truck,mean_infeasible,mean_pickup_window_miss,mean_delivery_window_miss,mean_accept_rate,mean_deadhead_miles,mean_yard_delay_hours,mean_hos_rest_hours,mean_static_agreement,mean_static_mae,mean_static_p90_abs_error,mean_service_failure_penalty_cost,mean_terminal_fleet_value
freightbidbench_tight_capacity,reject_all,,1,29995.78,0.00,0.00,0.183360,0.183360,0.183360,0.000081,0.000125,0.000000,0.000000,0.00,0.00,0.00,0.00,0.00,0.000000,0.00,0.00,0.00,0.800000,714.06,1229.62,0.00,29995.78
freightbidbench_tight_capacity,accept_all_feasible,,1,216025.88,0.00,0.00,1.320536,1.320536,1.320536,0.041710,0.069708,0.000000,0.000000,94.00,0.00,0.00,0.00,0.00,0.940000,3398.97,145.17,50.00,0.800000,714.06,1229.62,0.00,29574.77
freightbidbench_tight_capacity,myopic_margin,,1,215975.88,0.00,0.00,1.320230,1.320230,1.320230,0.000157,0.000208,0.000000,0.000000,94.00,0.00,5.00,4.00,1.00,0.940000,3398.97,145.17,50.00,0.800000,714.06,1229.62,50.00,29574.77
freightbidbench_tight_capacity,bid_price,,1,215975.88,0.00,0.00,1.320230,1.320230,1.320230,0.000611,0.000667,0.000000,0.000000,94.00,0.00,5.00,4.00,1.00,0.940000,3398.97,145.17,50.00,0.800000,714.06,1229.62,50.00,29574.77
freightbidbench_tight_capacity,surrogate_linear,,1,177742.01,0.00,0.00,1.086512,1.086512,1.086512,0.051907,0.076166,0.000000,1.000000,70.00,0.00,0.00,0.00,0.00,0.700000,2416.83,96.90,0.00,0.800000,714.06,1229.62,0.00,29995.78
freightbidbench_tight_capacity,cascade_surrogate_rollout,0.00,1,173507.99,0.00,0.00,1.060630,1.060630,1.060630,5.515568,50.178500,0.150000,0.850000,69.00,0.00,0.00,0.00,0.00,0.690000,2397.07,96.14,10.00,0.800000,714.06,1229.62,0.00,29891.63
freightbidbench_tight_capacity,cascade_surrogate_rollout,500.00,1,170501.22,0.00,0.00,1.042250,1.042250,1.042250,21.140694,65.603042,0.400000,0.600000,67.00,0.00,0.00,0.00,0.00,0.670000,2390.83,87.35,10.00,0.800000,714.06,1229.62,0.00,29891.63
freightbidbench_tight_capacity,rollout_teacher,,1,163589.60,0.00,0.00,1.000000,1.000000,1.000000,57.770901,66.533041,1.000000,0.000000,64.00,0.00,0.00,0.00,0.00,0.640000,2293.85,70.24,10.00,0.800000,714.06,1229.62,0.00,29513.65
