scenario,horizon_hours,loads_per_hour,fleet_size,base_cost_per_mile,fixed_load_cost,value_scale_dollars,train_seed,eval_seed,train_label_count,eval_label_count,agreement,mae,p90_abs_error,cell_elapsed_seconds
freightbidbench_mild_capacity,72,12,90,2.95,250.00,2400.00,20260506,20260507,600,600,0.518333,2101.10,4317.75,188.84
freightbidbench_mild_capacity,72,12,90,2.95,250.00,2400.00,20260508,20260509,600,600,0.590000,1843.24,3684.09,205.00
freightbidbench_mild_capacity,72,12,90,2.95,250.00,2400.00,20260510,20260511,600,600,0.656667,2030.07,4969.30,157.53
freightbidbench_tight_capacity,72,14,70,3.10,250.00,3000.00,20260506,20260507,600,600,0.571667,2087.88,3797.08,130.62
freightbidbench_tight_capacity,72,14,70,3.10,250.00,3000.00,20260508,20260509,600,600,0.641667,2020.51,3866.99,137.48
freightbidbench_tight_capacity,72,14,70,3.10,250.00,3000.00,20260510,20260511,600,600,0.613333,1973.74,3791.03,132.16
freightbidbench_scarce_capacity,72,16,55,3.20,250.00,3400.00,20260506,20260507,600,600,0.671667,2306.93,3950.27,81.51
freightbidbench_scarce_capacity,72,16,55,3.20,250.00,3400.00,20260508,20260509,600,600,0.701667,2102.19,3660.52,96.40
freightbidbench_scarce_capacity,72,16,55,3.20,250.00,3400.00,20260510,20260511,600,600,0.675000,2144.64,3921.42,94.50
