scenario,horizon_hours,loads_per_hour,fleet_size,base_cost_per_mile,fixed_load_cost,value_scale_dollars,train_seed,eval_seed,train_label_count,eval_label_count,agreement,mae,p90_abs_error,cell_elapsed_seconds
freightbidbench_tight_capacity,72,14,70,3.10,250.00,3000.00,20260506,20260507,20,20,1.000000,547.62,1371.16,37.57
freightbidbench_tight_capacity,72,14,70,3.10,250.00,3000.00,20260508,20260509,20,20,0.750000,2466.15,7797.03,33.41
freightbidbench_tight_capacity,72,14,70,3.10,250.00,3000.00,20260510,20260511,20,20,0.800000,7518.85,17868.52,33.76
freightbidbench_scarce_capacity,72,16,55,3.20,250.00,3400.00,20260506,20260507,20,20,0.650000,979.43,1808.92,24.62
freightbidbench_scarce_capacity,72,16,55,3.20,250.00,3400.00,20260508,20260509,20,20,0.600000,2933.07,6114.55,24.15
freightbidbench_scarce_capacity,72,16,55,3.20,250.00,3400.00,20260510,20260511,20,20,0.550000,2793.07,2833.04,27.68
