scenario,pair_index,train_seed,eval_seed,policy,profit,retention_vs_rollout,mean_latency_ms,accepted,infeasible,service_failure_penalty_cost,terminal_fleet_value
tight_x05,0,20260506,20260507,dual_price_vf,603456.32,1.1659,0.044037,226,0,0.00,13383.54
tight_x05,0,20260506,20260507,rollout_teacher,517606.14,1.0000,32.092699,193,0,0.00,13487.69
tight_x1,0,20260506,20260507,dual_price_vf,1187927.68,0.9329,0.056136,460,0,0.00,29470.62
tight_x1,0,20260506,20260507,rollout_teacher,1273395.14,1.0000,74.537868,460,0,0.00,29205.71
tight_x2,0,20260506,20260507,dual_price_vf,2114588.48,0.9685,0.114585,820,0,0.00,59771.03
tight_x2,0,20260506,20260507,rollout_teacher,2183335.26,1.0000,159.068811,812,0,0.00,58803.21
