scenario,horizon_hours,loads_per_hour,fleet_size,base_cost_per_mile,fixed_load_cost,value_scale_dollars,train_seed,eval_seed,train_label_count,eval_label_count,agreement,mae,p90_abs_error,cell_elapsed_seconds
freightbidbench_tight_capacity,72,14,70,3.10,250.00,3000.00,20260506,20260507,20,20,0.950000,547.76,961.07,36.12
freightbidbench_tight_capacity,72,14,70,3.10,250.00,3000.00,20260508,20260509,20,20,0.950000,1522.94,3859.71,41.82
freightbidbench_tight_capacity,72,14,70,3.10,250.00,3000.00,20260510,20260511,20,20,0.950000,1295.59,3833.27,40.21
freightbidbench_scarce_capacity,72,16,55,3.20,250.00,3400.00,20260506,20260507,20,20,0.850000,784.09,1665.28,29.41
freightbidbench_scarce_capacity,72,16,55,3.20,250.00,3400.00,20260508,20260509,20,20,0.750000,1133.08,2058.60,27.03
freightbidbench_scarce_capacity,72,16,55,3.20,250.00,3400.00,20260510,20260511,20,20,0.800000,5274.74,15917.80,29.68
